,0,1
0,촬영,850
1,성운,442
2,사진,423
3,것,383
4,별,374
5,프로그램,345
6,가이드,342
7,입니다,338
8,카메라,305
9,이,293
10,필터,286
11,장,276
12,보정,266
13,망원경,265
14,적도,252
15,있는,242
16,은하,225
17,대상,218
18,및,214
19,관측,201
20,수,195
21,스택,183
22,천문대,174
23,더,154
24,경통,145
25,질문,143
26,그,134
27,노출,129
28,장비,129
29,부탁,128
30,어서,127
31,답,126
32,드립,126
33,조경철,124
34,있다,119
35,정보,116
36,때,116
37,다시,116
38,중,114
39,안녕,112
40,별자리,108
41,하늘,107
42,생각,105
43,사용,104
44,시간,103
45,찍,103
46,적,102
47,카페,101
48,광년,101
49,고,101
50,요,97
51,있,95
52,경,95
53,있습니다,94
54,촬영장,93
55,천문,91
56,위,91
57,정도,91
58,제출,90
59,보고,90
60,소,88
61,조금,88
62,달,86
63,화천,86
64,은하수,85
65,개,85
66,초,84
67,우주,82
68,장소,82
69,까지,82
70,같습니다,82
71,일시,81
72,제,81
73,가입,80
74,글,79
75,신청,78
76,후,77
77,로,77
78,어요,77
79,초점,77
80,를,76
81,도,76
82,다가,74
83,하나,74
84,자리,74
85,안,72
86,조정,72
87,성단,72
88,많은,71
89,천체,70
90,이번,70
91,몇,69
92,약,69
93,곳,66
94,날,66
95,전,65
96,주변,65
97,행성,64
98,강원도,64
99,감사,64
100,위치,64
101,분,64
102,회원,63
103,은,63
104,처음,62
105,구름,62
106,저,62
107,보,60
108,보이,60
109,번,60
110,어보,60
111,같은,59
112,이제,58
113,가장,58
114,등,57
115,면서,57
116,다른,57
117,의,57
118,눈,57
119,밤하늘,56
120,해주,55
121,부분,55
122,사진기,55
123,기,54
124,좋은,54
125,처리,54
126,거리,54
127,이상,53
128,삼각대,53
129,가지,53
130,처럼,53
131,때문,52
132,못,52
133,픽셀,52
134,사람,51
135,태양,51
136,오늘,51
137,좀,51
138,가대,51
139,장치,51
140,과,51
141,습,50
142,모습,50
143,인치,50
144,상,50
145,영하,49
146,천체망원경,49
147,님들,49
148,운,49
149,관심,49
150,렌즈,49
151,문제,49
152,또,49
153,예정,49
154,이유,48
155,새벽,48
156,오리온,48
157,위해,47
158,해상도,47
159,시작,47
160,천체관측,46
161,구입,46
162,리듀,46
163,날씨,46
164,알,46
165,지구,45
166,아직,45
167,목성,45
168,딥스카이,44
169,경우,44
170,촬,44
171,가능,44
172,크기,44
173,해주시,43
174,빛,43
175,진행,43
176,밤,43
177,바로,43
178,해,42
179,사랑,42
180,제대로,42
181,영역,42
182,발견,42
183,바람,41
184,관련,40
185,점,40
186,시,40
187,부터,39
188,볼,39
189,월령,39
190,계기,38
191,디,38
192,계속,38
193,결과,38
194,이런,38
195,구매,38
196,양식,37
197,아래,37
198,한번,37
199,각각,37
200,베일,37
201,우리,37
202,있으며,37
203,없는,36
204,각,36
205,박사,36
206,다만,36
207,정말,36
208,지난,36
209,백조자리,36
210,려고,35
211,굴절,35
212,게,35
213,일,35
214,올해,35
215,테스트,34
216,총,34
217,이나,34
218,화천군,34
219,사내면,34
220,드디어,34
221,조합,34
222,모양,34
223,등급,34
224,레드,34
225,기재,33
226,진,33
227,천체사진,33
228,확실,33
229,모두,33
230,언제,33
231,사,33
232,나,32
233,이름,32
234,사이,32
235,시도,32
236,여러,31
237,아보,31
238,초보,31
239,시시,31
240,어가,31
241,합성,31
242,가스,31
243,구상성단,31
244,날짜,31
245,주,30
246,차,30
247,자,30
248,다음,30
249,새,30
250,앞,30
251,리,29
252,토성,29
253,사실,29
254,어진,29
255,작은,29
256,작년,29
257,산개성단,29
258,중심,29
259,게시판,28
260,주시,28
261,인지,28
262,가격,28
263,그대로,27
264,복사,27
265,초승달,27
266,천문학,27
267,안시,27
268,자신,27
269,론,27
270,오리온자리,27
271,미리,27
272,나선은하,27
273,맑은,27
274,천,27
275,꼭,27
276,목록,27
277,주문,27
278,네,27
279,메시,27
280,발광성운,27
281,이루,27
282,말머리,27
283,데,26
284,쌍안경,26
285,화각,26
286,대성,26
287,기도,26
288,비,26
289,여서,25
290,마음,25
291,온도,25
292,먼지,25
293,나중,25
294,배,25
295,겉보기,25
296,실,25
297,입하,24
298,조건,24
299,상세,24
300,아무,24
301,사전,24
302,셀레스트,24
303,만족,24
304,역시,24
305,좋,24
306,예전,24
307,실제,24
308,없,24
309,있는데,24
310,말,24
311,금성,24
312,달이,24
313,구경,24
314,공지,24
315,의해,24
316,겨울,24
317,보조,24
318,붙여넣기,23
319,일주,23
320,내,23
321,대한,23
322,요즘,23
323,어제,23
324,만,23
325,처,23
326,필요,23
327,일단,23
328,거의,23
329,있어,23
330,나름,23
331,질량,23
332,시상,23
333,원본,22
334,어떻게,22
335,끝,22
336,북아메리카,22
337,두,22
338,인사,22
339,별로,22
340,그냥,22
341,이용,22
342,화성,22
343,지기,22
344,문력,22
345,지금,22
346,사항,22
347,식,22
348,분류,22
349,붉은,22
350,형,22
351,밑,21
352,포토샵,21
353,시오,21
354,냉각,21
355,현재,21
356,시기,21
357,포함,21
358,뭐,21
359,속,21
360,제작,21
361,보기,21
362,래서,21
363,있고,21
364,색,21
365,비교,21
366,아포,21
367,중심부,21
368,수록,21
369,벽,21
370,켓,21
371,장미성운,21
372,층,21
373,주어,20
374,도전,20
375,준비,20
376,인해,20
377,표적,20
378,재미,20
379,코끼리,20
380,모든,20
381,거,20
382,듯,20
383,추천,20
384,보르헤스,20
385,로부터,20
386,있었습니다,20
387,아름,20
388,달력,20
389,구,20
390,년,20
391,매우,20
392,석호,20
393,은하단,20
394,걸이,20
395,통보,19
396,야합,19
397,첫,19
398,유성우,19
399,도움,19
400,어떤,19
401,기록,19
402,어디,19
403,취미,19
404,터,19
405,길,19
406,가을,19
407,확인,19
408,먼저,19
409,정,19
410,여기,19
411,책,19
412,진입,19
413,수소,19
414,뒤,19
415,친구,19
416,지역,19
417,적위,19
418,대해,18
419,앞서,18
420,여야,18
421,본인,18
422,쪽,18
423,드릴,18
424,보유,18
425,운전,18
426,도시,18
427,면,18
428,명,18
429,하니,18
430,치,18
431,나이,18
432,또한,18
433,음으로,18
434,록,18
435,스카이,18
436,사드르,18
437,배송,18
438,만큼,18
439,여행,18
440,통해,18
441,충남,18
442,이태형,18
443,본적,17
444,삭제,17
445,일주사,17
446,살,17
447,목적,17
448,간단,17
449,십,17
450,모델,17
451,공부,17
452,남쪽,17
453,슈미트,17
454,기분,17
455,말머리성운,17
456,코로나,17
457,도록,17
458,반갑습니다,17
459,오랜만,17
460,늘,17
461,방,17
462,프레임,17
463,연결,17
464,어댑터,17
465,적경,17
466,반사성운,17
467,초신성,17
468,큰곰,17
469,조절,17
470,활동,16
471,무조건,16
472,여름철,16
473,입문,16
474,왼쪽,16
475,운영,16
476,줄,16
477,지식,16
478,영,16
479,코,16
480,더니,16
481,지고,16
482,방식,16
483,시디,16
484,담,16
485,두운,16
486,동,16
487,차이,16
488,혹시,16
489,검색,16
490,성,16
491,플랫,16
492,모자이크,16
493,물,16
494,수가,16
495,최근,16
496,고도,16
497,생,16
498,공모전,15
499,부합,15
500,걸,15
501,라이트룸,15
502,직접,15
503,컬러,15
504,느낌,15
505,뭔가,15
506,광축,15
507,간만,15
508,상태,15
509,새로,15
510,고민,15
511,이후,15
512,지난번,15
513,말씀,15
514,간,15
515,부,15
516,아마,15
517,마,15
518,집,15
519,일기,15
520,경위대,15
521,같아,15
522,마지막,15
523,극,15
524,이야기,15
525,처녀자리,15
526,거대,15
527,겉보기등급,15
528,넓은,15
529,리도,15
530,여름,15
531,플레이아데스,15
532,용,14
533,무엇,14
534,같다,14
535,정확,14
536,회,14
537,배율,14
538,해결,14
539,약간,14
540,거나,14
541,을지,14
542,아지,14
543,즉,14
544,저런,14
545,옆,14
546,오래,14
547,있으면,14
548,보름달,14
549,선명,14
550,아가,14
551,봄,14
552,생기,14
553,경고,14
554,고정,14
555,돌고래,14
556,참조,14
557,명칭,14
558,지름,14
559,보데,14
560,공동,14
561,학교,14
562,신,14
563,입금,14
564,북,13
565,저녁,13
566,오른쪽,13
567,무거,13
568,반사,13
569,설정,13
570,참고,13
571,함,13
572,내용,13
573,별보,13
574,꽤,13
575,우리은하,13
576,보시,13
577,설명,13
578,접안렌즈,13
579,캠핑,13
580,쯤,13
581,신입,13
582,기회,13
583,어찌,13
584,있네요,13
585,려면,13
586,중간,13
587,유명,13
588,아령성운,13
589,도착,13
590,왜,13
591,젊은,13
592,축,13
593,전체,13
594,밝기,13
595,삼렬성운,13
596,리듀서,13
597,세,13
598,암흑성운,13
599,이온화,13
600,형태,13
601,기억,13
602,전후,13
603,오,12
604,자주,12
605,재,12
606,연습,12
607,방법,12
608,라서,12
609,추,12
610,급,12
611,유지,12
612,편이,12
613,계절,12
614,움직,12
615,대충,12
616,여전,12
617,멀리,12
618,하트,12
619,일이,12
620,기준,12
621,작업,12
622,나타,12
623,그때,12
624,언,12
625,등록,12
626,예상,12
627,공모,12
628,손,12
629,건,12
630,그나,12
631,모,12
632,항상,12
633,시험,12
634,포기,12
635,월식,12
636,샤를,12
637,북쪽,12
638,행복,12
639,최대,12
640,없었습니다,12
641,확대,12
642,캐논,12
643,얼마,12
644,아주,12
645,불리,12
646,봄철,12
647,시가,12
648,권,12
649,올빼미,12
650,목표,11
651,열심,11
652,지도,11
653,자동차,11
654,설치,11
655,마운트,11
656,아이리스,11
657,자체,11
658,허블,11
659,위키피디아,11
660,발췌,11
661,성공,11
662,좋네요,11
663,대략,11
664,동안,11
665,마무리,11
666,아하,11
667,자세,11
668,황소자리,11
669,상의,11
670,최대한,11
671,주말,11
672,존재,11
673,고요,11
674,서울,11
675,다행,11
676,았습니,11
677,시야,11
678,개조,11
679,다운,11
680,가이딩,11
681,현상,11
682,제품,11
683,방향,11
684,구성,11
685,인적,11
686,서로,11
687,천문학자,11
688,특징,11
689,나선팔,11
690,붉,11
691,솜브레로,11
692,소니,11
693,일반,11
694,문자,11
695,탁상,11
696,사이언스,11
697,같아서,10
698,인,10
699,감,10
700,추어,10
701,외곽,10
702,선택,10
703,성격,10
704,지속,10
705,있다면,10
706,모노,10
707,안드로메다,10
708,독수리,10
709,있을까요,10
710,네이버,10
711,자료,10
712,색감,10
713,좋습니다,10
714,배경,10
715,었습니,10
716,지나,10
717,풀프레임,10
718,가득,10
719,폰,10
720,외부,10
721,의미,10
722,시경,10
723,추가,10
724,일정,10
725,다양,10
726,서브,10
727,틸트,10
728,특성,10
729,는가,10
730,가운데,10
731,제거,10
732,문,10
733,야할,10
734,띠,10
735,오메가성운,10
736,있을,10
737,워,10
738,일부,10
739,괜찮은,10
740,기대,10
741,해당,10
742,이해,10
743,활용,10
744,계방산,10
745,인생,10
746,강퇴,10
747,대가,10
748,스텔라,10
749,리움,10
750,출처,10
751,푸른,10
752,아크,10
753,사서,10
754,원래,10
755,핸드폰,10
756,만원,10
757,댓글,10
758,겨울철,10
759,타임즈,10
760,천일,9
761,지리산,9
762,조,9
763,배우,9
764,연,9
765,고자,9
766,인터넷,9
767,채,9
768,환경,9
769,예산,9
770,장거리,9
771,한편,9
772,개념,9
773,신가,9
774,입,9
775,여주,9
776,장면,9
777,레이저,9
778,겸,9
779,성능,9
780,기본,9
781,흐흐,9
782,마치,9
783,근처,9
784,전하,9
785,리하,9
786,센서,9
787,합,9
788,머리,9
789,영상,9
790,링크,9
791,잠시,9
792,있었,9
793,부근,9
794,바람개비,9
795,희,9
796,스마트폰,9
797,참여,9
798,초점거리,9
799,경험,9
800,동쪽,9
801,페르세우스자리,9
802,취소,9
803,저렴,9
804,그것,9
805,바,9
806,추적,9
807,마다,9
808,표현,9
809,완전,9
810,형성,9
811,많아,9
812,가까이,9
813,예,9
814,조치,9
815,추정,9
816,다리,9
817,조사,9
818,듭니,9
819,작,9
820,아닌,9
821,해도,9
822,산,9
823,다크,9
824,채팅,9
825,이지,9
826,좋겠습니다,9
827,이요,9
828,내부,9
829,탄생,9
830,자외선,9
831,잘못,9
832,파인더,9
833,풍부,9
834,실패,9
835,학생,9
836,신호,9
837,어마,9
838,꽈드,9
839,기간,9
840,크게,9
841,월요일,9
842,초안,9
843,유구읍,9
844,블로그,9
845,이중성단,9
846,외뿔소자리,9
847,디자인,9
848,기능,9
849,신분,9
850,행사,9
851,주차,9
852,충주,9
853,고구려,9
854,학관,9
855,관장,9
856,협약,9
857,블랙홀,8
858,산청,8
859,의향,8
860,컴팩트,8
861,있으,8
862,기둥,8
863,광시,8
864,펠리칸,8
865,전북,8
866,찍기,8
867,점점,8
868,중고,8
869,항성,8
870,촛점,8
871,아야,8
872,캘리포니아,8
873,양,8
874,위성,8
875,파악,8
876,그동안,8
877,얼마나,8
878,같은데,8
879,힘,8
880,유성,8
881,주차장,8
882,오후,8
883,주신,8
884,이면,8
885,정리,8
886,이기,8
887,조언,8
888,특이,8
889,장착,8
890,연장,8
891,하루,8
892,투명,8
893,볼때,8
894,잠깐,8
895,막,8
896,서쪽,8
897,장마,8
898,근,8
899,공간,8
900,보이지,8
901,우연,8
902,있다는,8
903,있게,8
904,치하,8
905,여유,8
906,같고,8
907,색상,8
908,같네요,8
909,개기월식,8
910,위키,8
911,궁수자리,8
912,채널,8
913,끼,8
914,세부,8
915,묘사,8
916,수도,8
917,좀더,8
918,중앙,8
919,그런,8
920,중이,8
921,스,8
922,여,8
923,좋았습니다,8
924,남아,8
925,삼각형,8
926,고수,8
927,까운,8
928,하하,8
929,양으로,8
930,차이점,8
931,노이즈,8
932,윌리엄,8
933,산개,8
934,검은,8
935,은색,8
936,슬슬,8
937,멋진,8
938,가요,8
939,워낙,8
940,구도,8
941,남,8
942,거치,8
943,아닙니다,8
944,유럽,8
945,공주시,8
946,유구,8
947,운동,8
948,상관,8
949,명이,8
950,불꽃,8
951,트리,8
952,수량,8
953,실시,8
954,트러스,8
955,쌍둥이자리,8
956,페르세우스,8
957,철산,7
958,경상남도,7
959,공원,7
960,문의,7
961,궁,7
962,극적,7
963,택,7
964,밤길,7
965,거주지,7
966,역은,7
967,읍,7
968,귀찮을,7
969,가볍고,7
970,좋아한다,7
971,야한다,7
972,정의,7
973,슈퍼,7
974,홍천,7
975,없어,7
976,고리,7
977,안보,7
978,없고,7
979,는걸,7
980,높은,7
981,한동,7
982,있었는데,7
983,레인,7
984,삼각형자리은하,7
985,국부은하군,7
986,번역,7
987,상이,7
988,영향,7
989,미하,7
990,돕소니안,7
991,금,7
992,마차부자리,7
993,완성,7
994,이미지,7
995,부경,7
996,삽질,7
997,나선,7
998,충,7
999,포커,7
1000,알리,7
1001,매,7
1002,족하,7
1003,여러분,7
1004,았,7
1005,광해,7
1006,굴절망원경,7
1007,희미,7
1008,불,7
1009,단,7
1010,희망,7
1011,무슨,7
1012,오메가,7
1013,대신,7
1014,직경,7
1015,변광성,7
1016,등등,7
1017,정렬,7
1018,가면,7
1019,잡고,7
1020,게시,7
1021,공개,7
1022,값,7
1023,계획,7
1024,구분,7
1025,튤립,7
1026,동일,7
1027,선,7
1028,오픈,7
1029,편,7
1030,대부분,7
1031,한지,7
1032,육안,7
1033,전갈자리,7
1034,건강,7
1035,당시,7
1036,덩어리,7
1037,방출,7
1038,류,7
1039,뜨거운,7
1040,세페우스,7
1041,어도,7
1042,내년,7
1043,노,7
1044,개별,7
1045,대비,7
1046,무시,7
1047,모델링,7
1048,실력,7
1049,영어,7
1050,아침,7
1051,크리스마스트리,7
1052,지인,7
1053,양해,7
1054,혹,7
1055,크로스,7
1056,완료,7
1057,대표,7
1058,크리스마스,7
1059,번호,7
1060,메모,7
1061,경남,6
1062,휴게소,6
1063,움,6
1064,사하,6
1065,상황,6
1066,출하,6
1067,톱텍,6
1068,선정,6
1069,경기도,6
1070,나사,6
1071,에흐,6
1072,플렛트너,6
1073,철,6
1074,원,6
1075,같아요,6
1076,동영상,6
1077,디테,6
1078,삼각형자리,6
1079,카시오페아,6
1080,시스템,6
1081,적용,6
1082,쉬운,6
1083,님,6
1084,상하,6
1085,제나,6
1086,어려운,6
1087,안드로메다은하,6
1088,관찰,6
1089,영문,6
1090,중요,6
1091,연천,6
1092,이동,6
1093,뿐,6
1094,습기,6
1095,분리,6
1096,순간,6
1097,달라,6
1098,안타레스,6
1099,다시피,6
1100,표기,6
1101,과연,6
1102,아이,6
1103,정신,6
1104,마스터,6
1105,수정,6
1106,있지,6
1107,없습니다,6
1108,비록,6
1109,더라도,6
1110,반드시,6
1111,휠,6
1112,좋아,6
1113,수준,6
1114,있군요,6
1115,비슷한,6
1116,엣지,6
1117,스타,6
1118,별도,6
1119,좋을,6
1120,비네팅,6
1121,가끔,6
1122,오지,6
1123,이러한,6
1124,준,6
1125,백조,6
1126,오니,6
1127,라가,6
1128,드,6
1129,당,6
1130,구조,6
1131,이전,6
1132,근접,6
1133,충분,6
1134,남반구,6
1135,뭔,6
1136,보통,6
1137,기존,6
1138,누적,6
1139,작성,6
1140,순,6
1141,키,6
1142,변경,6
1143,야하는,6
1144,아내,6
1145,주로,6
1146,무리,6
1147,크로마,6
1148,고려,6
1149,고생,6
1150,상당,6
1151,관,6
1152,앱,6
1153,진짜,6
1154,려,6
1155,우측,6
1156,르,6
1157,다소,6
1158,수요일,6
1159,발광,6
1160,멍,6
1161,장님,6
1162,측정,6
1163,헤라,6
1164,화려,6
1165,필라멘트,6
1166,혜성,6
1167,히,6
1168,포착,6
1169,사냥개자리,6
1170,회절,6
1171,확,6
1172,생활,6
1173,평일,6
1174,표면,6
1175,강력,6
1176,품질,6
1177,군,6
1178,안나,6
1179,좋고,6
1180,빈,6
1181,대기,6
1182,꿈,6
1183,기원,6
1184,암흑,6
1185,공식,6
1186,단계,6
1187,화면,6
1188,이건,6
1189,배터리,6
1190,펠리컨,6
1191,북두칠성,6
1192,계산,6
1193,생김새,6
1194,해바라기,6
1195,자락,6
1196,대적,6
1197,레이,6
1198,나은,6
1199,게성운,6
1200,외,6
1201,솔로몬,6
1202,인근,6
1203,타우리,6
1204,위쪽,6
1205,항성풍,6
1206,새해,6
1207,나머지,6
1208,학,6
1209,트라페지움,6
1210,시암,5
1211,경북,5
1212,버전,5
1213,전입,5
1214,천해,5
1215,하얀,5
1216,어렵네요,5
1217,모자,5
1218,스피릿,5
1219,협대역,5
1220,거품,5
1221,살짝,5
1222,광,5
1223,꽉,5
1224,핵,5
1225,효과,5
1226,리지,5
1227,한계,5
1228,경이,5
1229,위성사진,5
1230,종료,5
1231,제한,5
1232,다르게,5
1233,일찍,5
1234,제하,5
1235,없잖아,5
1236,아스트로,5
1237,공유,5
1238,어플,5
1239,오류,5
1240,해외,5
1241,연속,5
1242,변화,5
1243,션,5
1244,있으니,5
1245,시반,5
1246,초등학교,5
1247,마스크,5
1248,착용,5
1249,판매,5
1250,사자자리,5
1251,괜찮,5
1252,나니,5
1253,덜,5
1254,반짝,5
1255,갓,5
1256,신기,5
1257,같은게,5
1258,안되는,5
1259,힘드네요,5
1260,고마,5
1261,바보,5
1262,장만,5
1263,운기,5
1264,과정,5
1265,여건,5
1266,적절,5
1267,가동,5
1268,연구원,5
1269,년도,5
1270,유,5
1271,여개,5
1272,있다고,5
1273,아쉽,5
1274,피,5
1275,지로,5
1276,온,5
1277,잡,5
1278,그래프,5
1279,흐미,5
1280,보라,5
1281,지,5
1282,제발,5
1283,안내,5
1284,발송,5
1285,불가능,5
1286,다시금,5
1287,그런지,5
1288,반달,5
1289,공,5
1290,관계,5
1291,여러가지,5
1292,가로등,5
1293,디테일,5
1294,천구,5
1295,선배,5
1296,소개,5
1297,같,5
1298,심,5
1299,각하,5
1300,선물,5
1301,가슴,5
1302,선생님,5
1303,간의,5
1304,존,5
1305,발생,5
1306,타,5
1307,지하,5
1308,시직경,5
1309,가시,5
1310,대로,5
1311,붉게,5
1312,찾기,5
1313,나쁘지,5
1314,갈수록,5
1315,만만,5
1316,밀도,5
1317,푸른색,5
1318,반,5
1319,발,5
1320,분자,5
1321,자랑,5
1322,데네브,5
1323,정상,5
1324,강한,5
1325,반경,5
1326,피에르,5
1327,기록사진,5
1328,시즌,5
1329,오징어,5
1330,입니자,5
1331,두번째,5
1332,요하,5
1333,후드,5
1334,사라,5
1335,크롭,5
1336,복합,5
1337,성하,5
1338,장초,5
1339,맛,5
1340,타원은하,5
1341,짙은,5
1342,연구,5
1343,부자,5
1344,전형,5
1345,좋겠,5
1346,수십,5
1347,니지,5
1348,물이,5
1349,고개,5
1350,라보,5
1351,삼성,5
1352,태양계,5
1353,모듈,5
1354,결하,5
1355,색수차,5
1356,일자,5
1357,픽스,5
1358,자동,5
1359,보관,5
1360,에너지,5
1361,복,5
1362,따라서,5
1363,출장,5
1364,헬멧,5
1365,이스,5
1366,망원렌즈,5
1367,대구,5
1368,지지,5
1369,제트,5
1370,불어,5
1371,비축,5
1372,장난,5
1373,도중,5
1374,분해,5
1375,은하계,5
1376,불빛,5
1377,얼굴,5
1378,고양이,5
1379,토요일,5
1380,교사,5
1381,클래스,5
1382,당하,5
1383,고동산,5
1384,탁,5
1385,불가,5
1386,보내드,5
1387,마침,5
1388,삼각자,5
1389,평소,5
1390,울프,5
1391,버나드,5
1392,루프,5
1393,문하,5
1394,의견,5
1395,수차,5
1396,렉시,5
1397,블식,5
1398,식이,5
1399,갈매기,5
1400,예약,5
1401,질,5
1402,토르,5
1403,낭도,5
1404,장미,5
1405,위주,5
1406,만년,5
1407,감소,5
1408,주제,4
1409,영양,4
1410,일출,4
1411,도로,4
1412,유튜브,4
1413,본격,4
1414,버,4
1415,이벤트,4
1416,협력,4
1417,활,4
1418,강제,4
1419,꼬리,4
1420,베텔기우스,4
1421,시리우스,4
1422,반사망원경,4
1423,한쪽,4
1424,수동,4
1425,매수,4
1426,운용,4
1427,세팅,4
1428,사진촬영,4
1429,경기,4
1430,추모,4
1431,소프트웨어,4
1432,회전,4
1433,추석,4
1434,재도,4
1435,속도,4
1436,지게,4
1437,아쉬움,4
1438,있는지,4
1439,오기,4
1440,상상,4
1441,강화도,4
1442,안개,4
1443,몸,4
1444,형식,4
1445,급하게,4
1446,맨눈,4
1447,공터,4
1448,가능성,4
1449,메일,4
1450,내주,4
1451,개인,4
1452,없다고,4
1453,깨,4
1454,젠,4
1455,좋다는,4
1456,위로,4
1457,예보,4
1458,투자,4
1459,캘리,4
1460,브레이,4
1461,내일,4
1462,토,4
1463,완주,4
1464,나쁘면,4
1465,시절,4
1466,문득,4
1467,체,4
1468,은지,4
1469,일지,4
1470,녹색,4
1471,추억,4
1472,흐,4
1473,인하,4
1474,던,4
1475,좋게,4
1476,남동쪽,4
1477,밖,4
1478,갈릴레이,4
1479,어렵고,4
1480,당분간,4
1481,장부,4
1482,헤일로,4
1483,많았는데,4
1484,한국,4
1485,하나로,4
1486,제외,4
1487,뜨겁고,4
1488,나날,4
1489,차로,4
1490,있더라구요,4
1491,텐트,4
1492,높이,4
1493,얼,4
1494,권고,4
1495,제목,4
1496,과학,4
1497,사이트,4
1498,계정,4
1499,인증,4
1500,웹사이트,4
1501,자기,4
1502,홈페이지,4
1503,하단,4
1504,외합,4
1505,특별,4
1506,노력,4
1507,기전,4
1508,깊은,4
1509,백,4
1510,불규칙,4
1511,욕심,4
1512,장점,4
1513,강조,4
1514,아저씨,4
1515,어떻,4
1516,한다는,4
1517,결론,4
1518,등업,4
1519,평범,4
1520,동시,4
1521,릴,4
1522,안성,4
1523,역대,4
1524,원인,4
1525,용도,4
1526,아이피,4
1527,미러리스,4
1528,환,4
1529,상적,4
1530,만날,4
1531,장하,4
1532,보구,4
1533,그러다,4
1534,갑자기,4
1535,체적,4
1536,대화,4
1537,닉네임,4
1538,유무,4
1539,언급,4
1540,도하,4
1541,금지,4
1542,세대,4
1543,기타,4
1544,웁트롱,4
1545,둘,4
1546,삼렬,4
1547,키백,4
1548,적외선,4
1549,포인트,4
1550,바이어스,4
1551,부디,4
1552,그림자,4
1553,진정,4
1554,작고,4
1555,조심,4
1556,젊고,4
1557,별빛,4
1558,어져,4
1559,중심핵,4
1560,초대,4
1561,동반,4
1562,명명,4
1563,대칭,4
1564,비밀,4
1565,첫째,4
1566,둘째,4
1567,계,4
1568,터치,4
1569,고투,4
1570,화요일,4
1571,마카,4
1572,리안,4
1573,좋은데,4
1574,샷,4
1575,정밀,4
1576,이하,4
1577,우주망원경,4
1578,달리,4
1579,아마추어,4
1580,도드,4
1581,부품,4
1582,물리,4
1583,당일,4
1584,성비,4
1585,부위,4
1586,억,4
1587,접,4
1588,흡족,4
1589,사이즈,4
1590,계시,4
1591,없을,4
1592,자오선,4
1593,고치,4
1594,벗,4
1595,유래,4
1596,발표,4
1597,빨간색,4
1598,반적,4
1599,비율,4
1600,보석,4
1601,가오,4
1602,좌측,4
1603,혼자,4
1604,세계,4
1605,로서,4
1606,시간대,4
1607,감마,4
1608,필,4
1609,전부,4
1610,기기,4
1611,헤라클레스자리,4
1612,사고,4
1613,아령,4
1614,음,4
1615,비슷하다,4
1616,짧은,4
1617,잔해,4
1618,폭,4
1619,편집,4
1620,플레이아데스성단,4
1621,전라남도,4
1622,한장,4
1623,중력,4
1624,어딘가,4
1625,프로,4
1626,무,4
1627,출사,4
1628,팀,4
1629,북극성,4
1630,간다,4
1631,기쁩니다,4
1632,고래,4
1633,풍경사진,4
1634,뿌연,4
1635,옵틱스,4
1636,통입,4
1637,맘,4
1638,지라,4
1639,추후,4
1640,원뿔,4
1641,입력,4
1642,일부분,4
1643,시설,4
1644,력도,4
1645,악세사리,4
1646,튜브,4
1647,여인,4
1648,장미꽃,4
1649,리저,4
1650,셨습니,4
1651,진리,4
1652,그날,4
1653,이사,4
1654,캐스퍼,4
1655,전리,4
1656,좋군요,4
1657,제일,4
1658,라디안,4
1659,명단,4
1660,최,4
1661,상형,4
1662,방역,4
1663,데스,4
1664,부록,4
1665,전화기,4
1666,해파리,4
1667,노트,4
1668,런닝맨,4
1669,실습,4
1670,인사이트,4
1671,감탄,4
1672,증가,4
1673,통과,4
1674,수칙,4
1675,망운산,3
1676,장노,3
1677,중인,3
1678,충돌,3
1679,우주먼지,3
1680,창조,3
1681,양평,3
1682,새롭게,3
1683,거주,3
1684,동하,3
1685,헤라클레스,3
1686,쌍둥이,3
1687,경과,3
1688,조차,3
1689,콜,3
1690,리메이,3
1691,건물,3
1692,달도,3
1693,초보자,3
1694,용어,3
1695,모로,3
1696,동아리,3
1697,물량,3
1698,대하,3
1699,추기,3
1700,컬,3
1701,러시,3
1702,팔렛트,3
1703,오묘,3
1704,퇴근,3
1705,아시,3
1706,학계,3
1707,접근,3
1708,월,3
1709,각기,3
1710,멋,3
1711,있던,3
1712,김포,3
1713,전혀,3
1714,이슬,3
1715,지평선,3
1716,각종,3
1717,휘,3
1718,철수,3
1719,파노라마,3
1720,패널,3
1721,방문,3
1722,확산,3
1723,일원,3
1724,오전,3
1725,우선,3
1726,삭,3
1727,일기예보,3
1728,광덕산,3
1729,예외,3
1730,범위,3
1731,상반기,3
1732,비싼,3
1733,푹,3
1734,요새,3
1735,자꾸,3
1736,못내,3
1737,비누방울,3
1738,몇몇,3
1739,회의,3
1740,읍니,3
1741,갖,3
1742,먼,3
1743,없던,3
1744,며칠,3
1745,꼽는다,3
1746,통,3
1747,부여,3
1748,산성,3
1749,어떨지,3
1750,스럽네요,3
1751,같군요,3
1752,일몰,3
1753,후회,3
1754,뒷,3
1755,산소,3
1756,대입,3
1757,여파,3
1758,노시,3
1759,로우,3
1760,미세,3
1761,미동,3
1762,설,3
1763,모기,3
1764,잠,3
1765,울,3
1766,삶,3
1767,표준,3
1768,힘들,3
1769,라면,3
1770,니,3
1771,소중한,3
1772,데이터,3
1773,어간,3
1774,심해,3
1775,일어,3
1776,뭘,3
1777,여요,3
1778,하자,3
1779,려니,3
1780,하얗게,3
1781,마구,3
1782,지네,3
1783,시행착오,3
1784,고심,3
1785,도입,3
1786,추출,3
1787,유사,3
1788,성간물질,3
1789,청색,3
1790,파란색,3
1791,밸런스,3
1792,있겠다는,3
1793,이상은,3
1794,초속,3
1795,초각,3
1796,이내,3
1797,보람,3
1798,극복,3
1799,좋아서,3
1800,이론,3
1801,작게,3
1802,미터,3
1803,고합,3
1804,안해,3
1805,담번,3
1806,단순,3
1807,적발,3
1808,정치,3
1809,제공,3
1810,언어,3
1811,상단,3
1812,일식,3
1813,어거지,3
1814,귀차니즘,3
1815,보지,3
1816,미국,3
1817,익스,3
1818,포커스,3
1819,회사,3
1820,있어야,3
1821,민하,3
1822,왜곡,3
1823,습도,3
1824,사유,3
1825,있겠으나,3
1826,셀,3
1827,무게,3
1828,각도,3
1829,있겠,3
1830,오히려,3
1831,고리성운,3
1832,즐거움,3
1833,상아,3
1834,직촛점,3
1835,맨,3
1836,답변,3
1837,천정,3
1838,미러,3
1839,조작,3
1840,저희,3
1841,들것,3
1842,캠핑장,3
1843,찌,3
1844,낮,3
1845,야간,3
1846,감상,3
1847,시선,3
1848,누구,3
1849,대의,3
1850,술,3
1851,유발,3
1852,며,3
1853,분쟁,3
1854,브랜드,3
1855,천하,3
1856,미만,3
1857,의문,3
1858,라옵,3
1859,오른,3
1860,드림,3
1861,보완,3
1862,원하는,3
1863,단위,3
1864,리기,3
1865,돈,3
1866,디더링,3
1867,강의,3
1868,내시,3
1869,아들,3
1870,칭,3
1871,콜린,3
1872,여우자리,3
1873,파섹,3
1874,뱀자리,3
1875,막대,3
1876,프랑스,3
1877,케페우스자리,3
1878,꽃,3
1879,유일,3
1880,복잡한,3
1881,세페우스자리,3
1882,원반,3
1883,결,3
1884,강하,3
1885,감안,3
1886,넓게,3
1887,방출선,3
1888,심지어,3
1889,태양질량,3
1890,전파,3
1891,은하군,3
1892,있기,3
1893,바깥쪽,3
1894,지면,3
1895,폭발,3
1896,바다,3
1897,길게,3
1898,메인,3
1899,수평,3
1900,향,3
1901,열,3
1902,체인,3
1903,뭉,3
1904,작동,3
1905,그렇,3
1906,소식,3
1907,있을까,3
1908,즐거운,3
1909,위력,3
1910,특,3
1911,팽,3
1912,대부,3
1913,추측,3
1914,셋째,3
1915,보아,3
1916,없네요,3
1917,핫,3
1918,엉망,3
1919,놈,3
1920,나비,3
1921,여기저기,3
1922,무작정,3
1923,춘천,3
1924,좋을까요,3
1925,난,3
1926,도도,3
1927,단독,3
1928,커서,3
1929,해지,3
1930,대조,3
1931,있겠죠,3
1932,동원,3
1933,장가,3
1934,량,3
1935,머,3
1936,이상하,3
1937,부족,3
1938,다짐,3
1939,아빠,3
1940,달빛,3
1941,태아,3
1942,최고,3
1943,좋겠네요,3
1944,왕초보,3
1945,수원화성,3
1946,용연,3
1947,하,3
1948,탓,3
1949,지상,3
1950,빠른,3
1951,조립,3
1952,업체,3
1953,학창시절,3
1954,매번,3
1955,정적,3
1956,백색,3
1957,이별,3
1958,도저히,3
1959,좁은,3
1960,보급,3
1961,주간,3
1962,구나,3
1963,안되,3
1964,파란,3
1965,한글,3
1966,롭,3
1967,성인,3
1968,점차,3
1969,최종,3
1970,적응,3
1971,머리털자리,3
1972,주인공,3
1973,적색,3
1974,거성,3
1975,쌍,3
1976,메시에목록,3
1977,내내,3
1978,만요,3
1979,백색왜성,3
1980,행성상성운,3
1981,가야,3
1982,메롱,3
1983,옵,3
1984,깨끗하게,3
1985,폭팔,3
1986,로나,3
1987,다음주,3
1988,부하,3
1989,물어,3
1990,경사,3
1991,자연,3
1992,욕망,3
1993,기고,3
1994,출근,3
1995,부담,3
1996,고하,3
1997,촛점면,3
1998,틀,3
1999,켄타,3
2000,로우스,3
2001,왼,3
2002,순천,3
2003,괜찮아,3
2004,천문박명,3
2005,출발,3
2006,나마,3
2007,로그,3
2008,행,3
2009,익숙,3
2010,아아,3
2011,차량,3
2012,어떤게,3
2013,반대,3
2014,하나요,3
2015,신비,3
2016,주년,3
2017,셋팅,3
2018,명작,3
2019,공구,3
2020,훌륭한,3
2021,파워,3
2022,이틀,3
2023,시각,3
2024,보름,3
2025,광력,3
2026,일밤,3
2027,가보,3
2028,었다,3
2029,지방도,3
2030,힘든,3
2031,매달,3
2032,부의,3
2033,검,3
2034,내의,3
2035,집중,3
2036,지정,3
2037,협조,3
2038,만족도,3
2039,화성시,3
2040,접수,3
2041,준수,3
2042,추위,3
2043,피해,3
2044,장합,3
2045,늦,3
2046,소정,3
2047,올려드,3
2048,경하,3
2049,촬영기,3
2050,마귀,3
2051,할멈,3
2052,란,3
2053,마감,3
2054,인쇄,3
2055,도내,3
2056,교육,3
2057,없음,3
2058,공주,3
2059,내세,3
2060,물음표,3
2061,와이즈,3
2062,소재,3
2063,탐사,3
2064,군위,3
2065,한강,3
2066,법,3
2067,흔적,3
2068,운두,3
2069,령,3
2070,스파게티,3
2071,쿼드,3
2072,갤럭시,3
2073,동쪽하늘,3
2074,표,3
2075,봉사,3
2076,옵토롱,3
2077,광학,3
2078,리더,3
2079,정동진,3
2080,예수,3
2081,물고기자리,3
2082,폰카,3
2083,노을,2
2084,남해,2
2085,스벤,2
2086,겸사,2
2087,지안,2
2088,끝내,2
2089,달래,2
2090,인천,2
2091,가설,2
2092,소통,2
2093,요청,2
2094,상어,2
2095,전해,2
2096,별처럼,2
2097,빠르게,2
2098,종종,2
2099,베가,2
2100,필수,2
2101,바위,2
2102,같은건,2
2103,낮은,2
2104,푸념,2
2105,벌써,2
2106,숙지,2
2107,고등학교,2
2108,맥,2
2109,많습니다,2
2110,압,2
2111,버블,2
2112,잡기,2
2113,그러한,2
2114,있다니,2
2115,좌우,2
2116,부드럽게,2
2117,태풍,2
2118,기법,2
2119,흠,2
2120,불구,2
2121,상호작용,2
2122,시그너스,2
2123,멕시코만,2
2124,착각,2
2125,막상,2
2126,파장,2
2127,더링하,2
2128,즐링,2
2129,하드,2
2130,마이크론,2
2131,고대,2
2132,중계,2
2133,낮잠,2
2134,자두,2
2135,최소한,2
2136,화구,2
2137,유성은,2
2138,인터,2
2139,논,2
2140,감기,2
2141,복사점,2
2142,미련,2
2143,인제,2
2144,갑작,2
2145,카시오페이아자리,2
2146,진하게,2
2147,덕,2
2148,것임,2
2149,방지,2
2150,방안,2
2151,도해,2
2152,보도,2
2153,셔,2
2154,이쁘게,2
2155,셜,2
2156,평창,2
2157,안좋게,2
2158,요소,2
2159,동남쪽,2
2160,생애,2
2161,마차,2
2162,카카오,2
2163,클리어,2
2164,외계생명체,2
2165,지구인,2
2166,욕,2
2167,수리,2
2168,담당자,2
2169,불과,2
2170,원하던,2
2171,괜찮게,2
2172,문제점,2
2173,얘,2
2174,기하,2
2175,궁금증,2
2176,체사,2
2177,답타,2
2178,뿌옇게,2
2179,소망,2
2180,기쁘네요,2
2181,곧,2
2182,기만,2
2183,중국,2
2184,비싸네요,2
2185,유용,2
2186,대물렌즈,2
2187,조리개,2
2188,간직,2
2189,우스,2
2190,알파선,2
2191,많,2
2192,불안,2
2193,하얀색,2
2194,생생,2
2195,면적,2
2196,가로,2
2197,일직선,2
2198,침침,2
2199,장시간,2
2200,설레임,2
2201,죽,2
2202,시시각각,2
2203,안정,2
2204,많다,2
2205,판단,2
2206,광대역,2
2207,뻔,2
2208,간신,2
2209,아난,2
2210,힘들게,2
2211,현장,2
2212,같지,2
2213,매뉴얼,2
2214,평화,2
2215,고맙겠습니다,2
2216,이제야,2
2217,까페,2
2218,행운,2
2219,따뜻한,2
2220,음료,2
2221,기면,2
2222,검은색,2
2223,력입니,2
2224,많았으면,2
2225,고사,2
2226,즘,2
2227,번의,2
2228,라든지,2
2229,말발굽,2
2230,방금,2
2231,결정,2
2232,정면,2
2233,오리온성운,2
2234,분광학,2
2235,백만,2
2236,기사,2
2237,서요,2
2238,팩,2
2239,안부,2
2240,완벽,2
2241,음청,2
2242,억울,2
2243,출정,2
2244,가도,2
2245,좋다고,2
2246,많은데,2
2247,나오니,2
2248,이정,2
2249,거인,2
2250,풍속,2
2251,낚시,2
2252,지붕,2
2253,벽면,2
2254,라인,2
2255,좋으면,2
2256,달러,2
2257,괜찮지,2
2258,규정,2
2259,방한,2
2260,반복,2
2261,정지,2
2262,탈퇴,2
2263,종교,2
2264,많았던,2
2265,없겠,2
2266,페이지,2
2267,가공,2
2268,무료,2
2269,연도,2
2270,소스,2
2271,최봉규,2
2272,수성,2
2273,서쪽하늘,2
2274,낮아서,2
2275,가까워서,2
2276,있나요,2
2277,깨달,2
2278,비례,2
2279,혜,2
2280,차례,2
2281,프레,2
2282,수고,2
2283,로움,2
2284,가볍게,2
2285,핑계,2
2286,적조,2
2287,주지,2
2288,패턴,2
2289,살피,2
2290,루틴,2
2291,신경,2
2292,수많은,2
2293,발전,2
2294,높,2
2295,대여,2
2296,괜찮을,2
2297,팅,2
2298,위대,2
2299,건데,2
2300,구비,2
2301,능력,2
2302,균형,2
2303,망상,2
2304,일간,2
2305,미드,2
2306,통신,2
2307,딱히,2
2308,수분,2
2309,짤,2
2310,리즈,2
2311,일일이,2
2312,예행,2
2313,심각,2
2314,구석,2
2315,부활,2
2316,무거워,2
2317,서인,2
2318,주름,2
2319,카,2
2320,저만,2
2321,장관,2
2322,어디가,2
2323,린,2
2324,아예,2
2325,적당,2
2326,지난주,2
2327,반가워요,2
2328,주력,2
2329,에어,2
2330,구동,2
2331,런가,2
2332,안도,2
2333,옅은,2
2334,일산,2
2335,옥상,2
2336,부분일식,2
2337,무렵,2
2338,북한,2
2339,많아서,2
2340,노란,2
2341,노랗게,2
2342,둥근,2
2343,그게,2
2344,라이트,2
2345,종류,2
2346,던데,2
2347,성별,2
2348,단어,2
2349,상대방,2
2350,성적,2
2351,인한,2
2352,특정,2
2353,나치,2
2354,진로,2
2355,이로,2
2356,진과,2
2357,대답,2
2358,모임,2
2359,즉시,2
2360,익스트림,2
2361,숙제,2
2362,좋으,2
2363,피처,2
2364,어차피,2
2365,고등학생,2
2366,서서히,2
2367,반영,2
2368,좋다면,2
2369,대한민국,2
2370,전국,2
2371,팔,2
2372,제입,2
2373,아까워,2
2374,플램스티드,2
2375,장티,2
2376,원시별,2
2377,구상,2
2378,꽃잎,2
2379,뒤쪽,2
2380,브로치,2
2381,성군,2
2382,시차,2
2383,싸인,2
2384,담당,2
2385,붓꽃,2
2386,신화,2
2387,무지개,2
2388,뜻,2
2389,주위,2
2390,기운,2
2391,여준,2
2392,강렬,2
2393,분석,2
2394,가려진,2
2395,원자,2
2396,전자,2
2397,반대편,2
2398,사리,2
2399,형구,2
2400,상체,2
2401,꼬리별,2
2402,주목,2
2403,맥시,2
2404,북미,2
2405,메이저,2
2406,디스크,2
2407,가시광선,2
2408,에나,2
2409,메생,2
2410,없었다,2
2411,인식,2
2412,안되더라구요,2
2413,분전,2
2414,잡광,2
2415,바늘,2
2416,박쥐,2
2417,장의,2
2418,새삼,2
2419,내외,2
2420,오차,2
2421,엉뚱한,2
2422,점검,2
2423,피고,2
2424,지니,2
2425,제습기,2
2426,모음,2
2427,레오,2
2428,삼,2
2429,형제,2
2430,매년,2
2431,중점,2
2432,앤티,2
2433,앨리어싱,2
2434,보더,2
2435,체감,2
2436,곳도,2
2437,시점,2
2438,여명,2
2439,목,2
2440,붙이,2
2441,심정,2
2442,물건,2
2443,귀엽게,2
2444,어우,2
2445,산지,2
2446,몇번,2
2447,파서,2
2448,조준,2
2449,독립,2
2450,은하핵,2
2451,전문,2
2452,라지,2
2453,이구,2
2454,듀얼,2
2455,연하,2
2456,극대,2
2457,화,2
2458,레이스,2
2459,트래킹,2
2460,비용,2
2461,인공위성,2
2462,비어,2
2463,테두리,2
2464,압축,2
2465,작용,2
2466,보이시,2
2467,가르침,2
2468,불편,2
2469,있죠,2
2470,난이도,2
2471,굉장히,2
2472,공기,2
2473,내장,2
2474,주의,2
2475,노리,2
2476,위도,2
2477,한밤,2
2478,초로,2
2479,거기,2
2480,설마,2
2481,있으신,2
2482,최적,2
2483,주니,2
2484,편리,2
2485,안좋아서,2
2486,촛,2
2487,점거,2
2488,리가,2
2489,한시,2
2490,용해도,2
2491,마켓,2
2492,부가,2
2493,차서,2
2494,없었네요,2
2495,윤곽,2
2496,다르,2
2497,샤오미,2
2498,누,2
2499,시리즈,2
2500,튼튼한,2
2501,녀석,2
2502,방화,2
2503,수류,2
2504,비치,2
2505,교동도,2
2506,없더군요,2
2507,빅센,2
2508,호핑,2
2509,세미,2
2510,이프랑,2
2511,티스,2
2512,크리스,2
2513,와중,2
2514,저자,2
2515,직관,2
2516,선호,2
2517,규격,2
2518,정해진,2
2519,건가,2
2520,수령,2
2521,유의,2
2522,곁,2
2523,시동,2
2524,공급,2
2525,만들기,2
2526,일요일,2
2527,무식,2
2528,주관,2
2529,표시,2
2530,기념,2
2531,십자,2
2532,교,2
2533,초거성,2
2534,분광,2
2535,유효,2
2536,계열,2
2537,연료,2
2538,세페이드,2
2539,앰프,2
2540,청,2
2541,아래쪽,2
2542,블랙,2
2543,적극,2
2544,페츠발,2
2545,볼츠만,2
2546,프리트,2
2547,기권,2
2548,계곡,2
2549,발단,2
2550,케이스,2
2551,덤,2
2552,비싸고,2
2553,용해,2
2554,칼,2
2555,막연,2
2556,교체,2
2557,좋을것,2
2558,동네,2
2559,틈틈히,2
2560,다름이,2
2561,사기,2
2562,실행,2
2563,가운,2
2564,익룡,2
2565,보렵니,2
2566,몇장,2
2567,어두워서,2
2568,한해,2
2569,석,2
2570,발산,2
2571,타원,2
2572,유난,2
2573,많지,2
2574,초저녁,2
2575,여송연,2
2576,활동은하,2
2577,엑스선,2
2578,소용돌이,2
2579,평균,2
2580,밤샘,2
2581,피곤,2
2582,치면,2
2583,버튼,2
2584,신세계,2
2585,전이,2
2586,해하,2
2587,세기,2
2588,이예,2
2589,춤,2
2590,독일,2
2591,재발,2
2592,견,2
2593,허셜,2
2594,등장,2
2595,자극,2
2596,파고,2
2597,과거,2
2598,밀집,2
2599,있으나,2
2600,구성원,2
2601,밤새,2
2602,절,2
2603,전화,2
2604,이글,2
2605,팽창,2
2606,베타,2
2607,로스,2
2608,왜성,2
2609,성의,2
2610,어젯밤,2
2611,최초,2
2612,오해,2
2613,화이트밸런스,2
2614,미래,2
2615,단지,2
2616,이자,2
2617,기적,2
2618,밴드,2
2619,지구과학,2
2620,전공,2
2621,순수,2
2622,환상,2
2623,립니,2
2624,드라이버,2
2625,기반,2
2626,고유,2
2627,유격,2
2628,립하,2
2629,북동쪽,2
2630,흥미,2
2631,의의,2
2632,잡신,2
2633,고맙습니다,2
2634,배부,2
2635,플래트너,2
2636,맑아서,2
2637,문화,2
2638,성좌,2
2639,새우,2
2640,양하,2
2641,곰,2
2642,원정,2
2643,전리수소영역,2
2644,우리나라,2
2645,남중고도,2
2646,가치,2
2647,힘들어,2
2648,공적,2
2649,애정,2
2650,기약,2
2651,폭풍,2
2652,신나게,2
2653,여보,2
2654,단일,2
2655,삼양,2
2656,아이폰,2
2657,훈련,2
2658,로라,2
2659,포,2
2660,내야,2
2661,사면,2
2662,소양호,2
2663,승호,2
2664,근래,2
2665,숲,2
2666,애매,2
2667,걱정,2
2668,운동장,2
2669,참가,2
2670,분광형,2
2671,금요일,2
2672,짜증,2
2673,누더기,2
2674,완,2
2675,캐나다,2
2676,적묘,2
2677,텔레뷰,2
2678,메이트,2
2679,발사,2
2680,외로,2
2681,볼거리,2
2682,느리고,2
2683,두산백,2
2684,얼른,2
2685,프레세페,2
2686,사정,2
2687,대학,2
2688,광활,2
2689,월말,2
2690,궁금합니다,2
2691,코쿤,2
2692,누에,2
2693,평,2
2694,일임,2
2695,클릭,2
2696,가기,2
2697,샤플,2
2698,리스,2
2699,물질,2
2700,소형,2
2701,푸른빛,2
2702,리겔,2
2703,삼태성,2
2704,감동,2
2705,파주,2
2706,도깨비,2
2707,구들,2
2708,유심,2
2709,마찬가지,2
2710,설문조사,2
2711,국내,2
2712,쓰기,2
2713,스물,2
2714,영혼,2
2715,카시오페아자리,2
2716,하현,2
2717,포장,2
2718,주소,2
2719,입금자,2
2720,재고,2
2721,스펙,2
2722,상품,2
2723,곡면,2
2724,켓용,2
2725,팔고,2
2726,적합,2
2727,링,2
2728,바흐,2
2729,탭,2
2730,착,2
2731,궁금하신,2
2732,실수,2
2733,만약,2
2734,부피,2
2735,암,2
2736,비쌉니다,2
2737,번개,2
2738,간절,2
2739,스스로,2
2740,오진,2
2741,측,2
2742,괜찮습니다,2
2743,진심,2
2744,즐겁고,2
2745,연락,2
2746,불가피,2
2747,죄송,2
2748,플렛,2
2749,없으니,2
2750,구조도,2
2751,금액,2
2752,계좌,2
2753,사전예약,2
2754,눈물,2
2755,답글,2
2756,화장실,2
2757,방전,2
2758,좋았는데,2
2759,매일,2
2760,더욱,2
2761,깊게,2
2762,거금,2
2763,절대,2
2764,검토,2
2765,정이오,2
2766,산광성운,2
2767,육각형,2
2768,인기,2
2769,인상,2
2770,난감,2
2771,쓰레기,2
2772,있었다고,2
2773,스보,2
2774,골,2
2775,좋은걸,2
2776,램,2
2777,흑점,2
2778,보혜,2
2779,버스,2
2780,누락,2
2781,그러니,2
2782,상현,2
2783,연합,2
2784,아마추어천문학,2
2785,지부,2
2786,실내,2
2787,월초,2
2788,있음,2
2789,년대,2
2790,이점,2
2791,토대,2
2792,한적,2
2793,니요,2
2794,고배,2
2795,율,2
2796,가방,2
2797,이쁜,2
2798,벨트,2
2799,알니탁,2
2800,같은거,2
2801,월경,2
2802,블랙다이아몬드,2
2803,정소,2
2804,힉슨,2
2805,약어,2
2806,출판,2
2807,표지,2
2808,산맥,2
2809,궁금,2
2810,화산,2
2811,셔터스피드,2
2812,어포컬,2
2813,각대,2
2814,에피소드,2
2815,실의,2
2816,흡사,2
2817,부끄러워하지,2
2818,견적,2
2819,많으면,2
2820,많을,2
2821,딸,2
2822,가족,2
2823,컨디션,2
2824,네오,2
2825,고인,2
2826,부제,2
2827,게다,2
2828,합치,2
2829,여수,2
2830,후니님,2
2831,피뢰침,2
2832,전망대,2
2833,줌렌즈,2
2834,끼리,2
2835,일주운동,2
2836,비봉면,2
2837,한기,2
2838,독산성,2
2839,식별,2
2840,제법,2
2841,보은군,2
2842,근방,2
2843,직장인,2
2844,성도,2
2845,울트라,2
2846,남자,2
2847,즐,2
2848,널리,2
2849,취지,2
2850,형상,2
2851,뭉게구름,2
2852,제타,2
2853,시그마,2
2854,덕분,2
2855,가깝다,2
2856,사데,2
2857,대장님,2
2858,미화,2
2859,회도,2
2860,유령,2
2861,생략,2
2862,안드로메다자리,2
2863,티,2
2864,파리,2
2865,운임,2
2866,변호사,2
2867,원천,2
2868,사각형,2
2869,충격파,2
2870,의한,2
2871,핑크,2
2872,불사조,2
2873,어졌으,2
2874,용량,2
2875,유이,2
2876,붸님,2
2877,그럴까,2
2878,모처럼,2
2879,콘트라스트,2
2880,장난감,2
2881,쉬워,2
2882,의식,2
2883,손잡이,2
2884,센스,2
2885,대만,2
2886,최대로,2
2887,캡처,2
2888,샤프,2
2889,캡,2
2890,전조등,2
2891,셨으,2
2892,국민,2
2893,만끽,2
2894,고맙고,2
2895,베텔게우스,1
2896,카이퍼벨트,1
2897,스크랩,1
2898,이뻐,1
2899,간김,1
2900,반딧불,1
2901,지겨,1
2902,상사,1
2903,망,1
2904,굽이,1
2905,너,1
2906,무도,1
2907,우주관,1
2908,게임,1
2909,로만,1
2910,나은지,1
2911,별하늘,1
2912,공동체,1
2913,자투리,1
2914,연극,1
2915,단체,1
2916,바벨,1
2917,프로젝트,1
2918,헬리혜성,1
2919,종말,1
2920,대처,1
2921,동우회,1
2922,지시,1
2923,사려,1
2924,다나,1
2925,우지,1
2926,원주,1
2927,흉내,1
2928,리얼,1
2929,잠결,1
2930,소변,1
2931,천천이,1
2932,익산,1
2933,원님,1
2934,꾸벅,1
2935,전갈,1
2936,사수자리,1
2937,카시오페이아,1
2938,페가수스자리,1
2939,용자리,1
2940,진해,1
2941,썻읍니자,1
2942,사경,1
2943,흐릿하군,1
2944,뚜렷하게,1
2945,흐릿하,1
2946,프린터,1
2947,봣는데,1
2948,흐릿합니,1
2949,흐릿,1
2950,노하우,1
2951,헬릭스,1
2952,쪽박,1
2953,르다보,1
2954,자정,1
2955,편하네요,1
2956,구글,1
2957,궁금함과,1
2958,답답함을,1
2959,작성자,1
2960,광주,1
2961,오포읍,1
2962,시안,1
2963,아집,1
2964,대산,1
2965,들보,1
2966,이란,1
2967,승인,1
2968,어려움,1
2969,원했던,1
2970,빡빡,1
2971,요령,1
2972,향남,1
2973,선선,1
2974,자전거,1
2975,더위,1
2976,늦더위,1
2977,북동,1
2978,아쉬웠던,1
2979,아닐,1
2980,공통,1
2981,바쁘,1
2982,염치,1
2983,흥분,1
2984,었습,1
2985,나안,1
2986,오대호,1
2987,이해도,1
2988,러프,1
2989,필드,1
2990,리나,1
2991,쉬프트,1
2992,샘플,1
2993,룹,1
2994,컨트,1
2995,라스트,1
2996,심하게,1
2997,변,1
2998,미칠지,1
2999,백령도,1
3000,타임,1
3001,랩스,1
3002,무척,1
3003,아쉽네요,1
3004,스트리밍,1
3005,보신,1
3006,국립과천과학관,1
3007,예쁜데,1
3008,웠을까,1
3009,행선,1
3010,강화,1
3011,패착,1
3012,었,1
3013,핫팩,1
3014,억제,1
3015,벌,1
3016,초라하게,1
3017,조그맣게,1
3018,벌레,1
3019,한가운데,1
3020,거미줄,1
3021,자마자,1
3022,박명,1
3023,삼척,1
3024,카시오,1
3025,페이,1
3026,소프트,1
3027,웠던,1
3028,좋게도,1
3029,탑택,1
3030,봄날,1
3031,삼렬꽃,1
3032,스테커,1
3033,깊숙,1
3034,송도,1
3035,유익,1
3036,스마트,1
3037,대고,1
3038,치악산,1
3039,폐쇄합니,1
3040,폐쇄,1
3041,출입,1
3042,돗자리,1
3043,의자,1
3044,세번,1
3045,시중,1
3046,많기,1
3047,리뷰,1
3048,열렬,1
3049,자작,1
3050,예명,1
3051,같은것은,1
3052,빼,1
3053,저하,1
3054,비구름,1
3055,슥,1
3056,한,1
3057,괜찮을까요,1
3058,회화,1
3059,부페,1
3060,그러,1
3061,더닝,1
3062,크루,1
3063,허용,1
3064,짧은데도,1
3065,헷,1
3066,갈리,1
3067,창가,1
3068,맵,1
3069,좌표,1
3070,아웃,1
3071,사이드,1
3072,배포,1
3073,미개,1
3074,도대체,1
3075,전설,1
3076,고향,1
3077,오프닝,1
3078,딴,1
3079,짓,1
3080,매혹,1
3081,숙명,1
3082,낯선,1
3083,었기,1
3084,해체,1
3085,태도,1
3086,글자,1
3087,몹시,1
3088,비난,1
3089,세운,1
3090,크롭해,1
3091,질적,1
3092,왠,1
3093,만하,1
3094,라라,1
3095,알람,1
3096,채굴,1
3097,용진면,1
3098,교문,1
3099,천여,1
3100,천동설,1
3101,순서대로,1
3102,순서,1
3103,옛날,1
3104,가깝고,1
3105,어로,1
3106,앞산,1
3107,멍텅,1
3108,늘렷,1
3109,원형,1
3110,슬롯,1
3111,어는,1
3112,있는듯,1
3113,꼽는,1
3114,장통,1
3115,꼽을떄,1
3116,어떨까,1
3117,매력,1
3118,없군요,1
3119,야속,1
3120,갑갑해요,1
3121,시무,1
3122,선흥,1
3123,오신,1
3124,궁금해요,1
3125,길이,1
3126,오프로드,1
3127,셋트,1
3128,동구,1
3129,짝퉁,1
3130,아닐지,1
3131,의심,1
3132,거도,1
3133,대도시,1
3134,광공해,1
3135,차라리,1
3136,위험,1
3137,햇빛,1
3138,휘영청,1
3139,홀로,1
3140,사춘기,1
3141,랍,1
3142,바란,1
3143,페세,1
3144,안좋으니,1
3145,흑백사진,1
3146,뿌연게,1
3147,소나기,1
3148,사냥,1
3149,돌입,1
3150,쌍무지개,1
3151,예쁘더라,1
3152,아쉽게도,1
3153,엿,1
3154,같았,1
3155,심한,1
3156,정해,1
3157,수시,1
3158,아담,1
3159,쌀알,1
3160,둘레,1
3161,있는게,1
3162,똭,1
3163,쌩,1
3164,전율,1
3165,망망대해,1
3166,덩,1
3167,동그랗게,1
3168,있을줄,1
3169,대적반,1
3170,겨우,1
3171,일락,1
3172,말락,1
3173,둘둘,1
3174,어선,1
3175,임,1
3176,이오,1
3177,유로파,1
3178,가니메데,1
3179,칼리스토,1
3180,백년,1
3181,허리,1
3182,아프고,1
3183,안대,1
3184,현,1
3185,없는지,1
3186,비비,1
3187,설쳤네요,1
3188,따름,1
3189,유한,1
3190,생명체,1
3191,촛불,1
3192,가늠,1
3193,무하,1
3194,아쉬웠는데,1
3195,있더라,1
3196,만화책,1
3197,쏠쏠하네요,1
3198,예쁘,1
3199,그러고,1
3200,그렇겠습니다,1
3201,차지,1
3202,소중했고,1
3203,상쾌,1
3204,외심,1
3205,헤어,1
3206,변했고,1
3207,흐뭇하게,1
3208,웃,1
3209,수년,1
3210,훨신,1
3211,여정,1
3212,직전,1
3213,산책,1
3214,직원,1
3215,유독,1
3216,여태,1
3217,유일하,1
3218,붉은빛,1
3219,헀습니,1
3220,있었던,1
3221,페이스북,1
3222,당첨,1
3223,모형,1
3224,컵,1
3225,변하는,1
3226,머그컵,1
3227,뿌듯하네요,1
3228,비슷하다고,1
3229,성분,1
3230,체크표,1
3231,필립,1
3232,로이스,1
3233,쉐조,1
3234,지점,1
3235,활발,1
3236,기하학,1
3237,옆면,1
3238,남동,1
3239,극대거성,1
3240,이발소,1
3241,간판,1
3242,더티,1
3243,순한,1
3244,분홍,1
3245,파문,1
3246,시원,1
3247,라며,1
3248,뉴스,1
3249,탐사선,1
3250,내심,1
3251,올,1
3252,예비,1
3253,좋아요,1
3254,낭,1
3255,자갈,1
3256,같더라구요,1
3257,셑,1
3258,짐둘,1
3259,나무,1
3260,같으면,1
3261,튕,1
3262,주더,1
3263,움마,1
3264,해이,1
3265,불면,1
3266,훌러덩,1
3267,구별,1
3268,가구,1
3269,없더라구요,1
3270,쓰시,1
3271,안되더군요,1
3272,상용,1
3273,벽체,1
3274,정사각형,1
3275,진북,1
3276,약하게,1
3277,무풍지대,1
3278,달님이,1
3279,시더,1
3280,거지,1
3281,맑을것,1
3282,무관,1
3283,의거,1
3284,휴지통,1
3285,쪽지,1
3286,도배,1
3287,홍보,1
3288,업적,1
3289,스팸성글,1
3290,스팸,1
3291,증산도,1
3292,채널링,1
3293,자로,1
3294,공공,1
3295,데이타,1
3296,마이,1
3297,계발,1
3298,문자열,1
3299,프로그래밍,1
3300,월별,1
3301,어설프,1
3302,웹서버,1
3303,성변화,1
3304,있었군요,1
3305,동방,1
3306,그럴거,1
3307,내행성,1
3308,내합,1
3309,외행성,1
3310,사양,1
3311,위상,1
3312,무대,1
3313,뽀,1
3314,답답,1
3315,경시,1
3316,보르,1
3317,스님,1
3318,슬픕니다,1
3319,생산,1
3320,반신반의,1
3321,정품,1
3322,로써,1
3323,스럽습니다,1
3324,띵하네요,1
3325,대감,1
3326,참담,1
3327,요량,1
3328,대주,1
3329,주님,1
3330,시라,1
3331,실사,1
3332,게으름,1
3333,꼽을,1
3334,사소,1
3335,패러,1
3336,작품,1
3337,틈,1
3338,무작위,1
3339,라오,1
3340,짧기,1
3341,자취,1
3342,자국,1
3343,우여곡절,1
3344,역량,1
3345,전문가,1
3346,빈자리,1
3347,채운,1
3348,킬로그램,1
3349,쌍포,1
3350,덕지덕지,1
3351,할머니,1
3352,절하,1
3353,샘플링,1
3354,깨달음,1
3355,답답함과,1
3356,일반인,1
3357,힝구,1
3358,퀸스,1
3359,음영,1
3360,거구,1
3361,미니,1
3362,장촛점,1
3363,경쟁,1
3364,이입,1
3365,나우누리,1
3366,미사,1
3367,수집,1
3368,기계,1
3369,간밤,1
3370,투척,1
3371,멍청함에,1
3372,화가,1
3373,스러워,1
3374,전과,1
3375,장식,1
3376,탱,1
3377,쇼트내,1
3378,어답터,1
3379,깍아,1
3380,누지,1
3381,많으니,1
3382,다도,1
3383,흔,1
3384,있는것,1
3385,갈수,1
3386,정체,1
3387,어탭터,1
3388,매라,1
3389,황홀,1
3390,천문학관,1
3391,깊숙한,1
3392,수줍,1
3393,더더,1
3394,욧,1
3395,후배,1
3396,일체,1
3397,교대,1
3398,공짜,1
3399,구형,1
3400,테블릿,1
3401,지우,1
3402,오직,1
3403,기동,1
3404,가차,1
3405,으쓱,1
3406,너머,1
3407,시부,1
3408,망원,1
3409,맑아질,1
3410,맑아,1
3411,있겠지,1
3412,최대식,1
3413,맑아져서,1
3414,있었네요,1
3415,몇십,1
3416,다린,1
3417,아깝지,1
3418,기슭,1
3419,무소식,1
3420,옅어지,1
3421,중학교,1
3422,자율학습,1
3423,얼떨결,1
3424,아스,1
3425,불길,1
3426,망한,1
3427,멸망,1
3428,연령,1
3429,상호,1
3430,중하,1
3431,친한,1
3432,존댓말,1
3433,감정,1
3434,혼란,1
3435,초래,1
3436,있으므로,1
3437,미성년,1
3438,듣기,1
3439,부적합,1
3440,완곡된,1
3441,비방,1
3442,욕설,1
3443,성희롱,1
3444,수치심,1
3445,언행,1
3446,막무가내,1
3447,견해,1
3448,철학,1
3449,가급,1
3450,강압,1
3451,다카하시,1
3452,광고,1
3453,행위,1
3454,발언,1
3455,부여후,1
3456,사적,1
3457,자제,1
3458,상담,1
3459,남녀,1
3460,방이,1
3461,불쾌,1
3462,언사,1
3463,말투,1
3464,을시,1
3465,번쨰,1
3466,사칭,1
3467,톡,1
3468,시정,1
3469,맴버,1
3470,갈등,1
3471,파적,1
3472,성향,1
3473,사회,1
3474,커뮤니티,1
3475,높았으며,1
3476,꽝,1
3477,그런것이였나,1
3478,그렇습니다,1
3479,상좌,1
3480,가닥,1
3481,항공,1
3482,국,1
3483,광선,1
3484,없었던,1
3485,미성,1
3486,숙,1
3487,아기,1
3488,기욤,1
3489,장띠,1
3490,허빅,1
3491,아,1
3492,밋밋,1
3493,뻔한,1
3494,루하,1
3495,무수,1
3496,기와,1
3497,싫,1
3498,엄니,1
3499,전인,1
3500,설렜,1
3501,좋길,1
3502,블러드,1
3503,과천과학관,1
3504,과학관,1
3505,생중계,1
3506,다채롭,1
3507,붉으스름,1
3508,후기,1
3509,대합,1
3510,귀찮,1
3511,지남,1
3512,치가,1
3513,피치,1
3514,리드,1
3515,포서드,1
3516,집합,1
3517,우렁찬,1
3518,오늘날,1
3519,아그네스,1
3520,클라크,1
3521,독자,1
3522,연주,1
3523,성질,1
3524,띰,1
3525,스위스,1
3526,슈조,1
3527,몽구스,1
3528,자운,1
3529,인큐베이터,1
3530,역할,1
3531,발달,1
3532,국화,1
3533,문명,1
3534,그리스,1
3535,타고,1
3536,제우스,1
3537,여신,1
3538,관년,1
3539,촘촘하,1
3540,때로는,1
3541,대칭성,1
3542,변환,1
3543,어둡고,1
3544,탄소,1
3545,알록달록,1
3546,자욱한,1
3547,화폭,1
3548,무겁고,1
3549,연관,1
3550,양성자,1
3551,셈,1
3552,터널,1
3553,관통,1
3554,곳곳,1
3555,옆구리,1
3556,뱀,1
3557,길쭉하게,1
3558,빼어난,1
3559,자태,1
3560,요람,1
3561,천억,1
3562,얇으,1
3563,가장자리,1
3564,클레르,1
3565,체계,1
3566,세이,1
3567,퍼드,1
3568,스펙트럼,1
3569,근원,1
3570,국부초은하단,1
3571,정확성,1
3572,독특,1
3573,마이크로파,1
3574,적하,1
3575,광도,1
3576,없다,1
3577,타원형,1
3578,안좋아도,1
3579,확인가능,1
3580,세한,1
3581,연상,1
3582,로제,1
3583,백작,1
3584,나선성운,1
3585,거론,1
3586,소라,1
3587,드문드문,1
3588,러하,1
3589,듯이,1
3590,어유,1
3591,굴복,1
3592,후다닥,1
3593,은기,1
3594,차단,1
3595,길었으면,1
3596,어땠을까,1
3597,드네,1
3598,아쉽긴,1
3599,덧,1
3600,칠한,1
3601,장도,1
3602,셋,1
3603,박아,1
3604,부슬부슬,1
3605,그간,1
3606,야할것,1
3607,셑팅,1
3608,있었다,1
3609,안흐,1
3610,참으로,1
3611,리셑,1
3612,안되면,1
3613,의뢰,1
3614,진동,1
3615,피지,1
3616,하라,1
3617,짧게,1
3618,보강,1
3619,천장,1
3620,세입,1
3621,그득,1
3622,장마철,1
3623,두렵지,1
3624,린다,1
3625,조도,1
3626,절반,1
3627,개지,1
3628,잡스,1
3629,런,1
3630,간섭,1
3631,뚱뚱이,1
3632,없게,1
3633,부럽습니다,1
3634,탐색,1
3635,컷,1
3636,금단,1
3637,소제,1
3638,진득,1
3639,연애,1
3640,달랐습니다,1
3641,착할,1
3642,반가,1
3643,무서움,1
3644,초기,1
3645,수렁,1
3646,맛집,1
3647,직하,1
3648,깜짝,1
3649,실감,1
3650,길면,1
3651,살포시,1
3652,여유도,1
3653,차도,1
3654,어설프게,1
3655,팔이,1
3656,있겠더군요,1
3657,비노,1
3658,홀더,1
3659,소총,1
3660,영점,1
3661,까마귀자리,1
3662,솜브레로은하,1
3663,과도,1
3664,전통,1
3665,이례,1
3666,두드,1
3667,러져,1
3668,커먼,1
3669,커다란,1
3670,본래,1
3671,가벼운,1
3672,실시등급,1
3673,단장,1
3674,서툴고,1
3675,미숙,1
3676,음번,1
3677,칩,1
3678,모드,1
3679,없다는,1
3680,엔트로피,1
3681,대호,1
3682,멕시코,1
3683,멕시코인,1
3684,기괴하게,1
3685,비슷하게,1
3686,검게,1
3687,높은데도,1
3688,마녀,1
3689,빗자루,1
3690,교훈,1
3691,바빠서,1
3692,고장,1
3693,언가이디드,1
3694,광량,1
3695,작으므로,1
3696,래야,1
3697,사례,1
3698,일환,1
3699,짙고,1
3700,조각,1
3701,보호,1
3702,생으로,1
3703,수백만,1
3704,살의,1
3705,짙게,1
3706,원시성,1
3707,밋밋하네요,1
3708,좋겠으나,1
3709,절문,1
3710,화사,1
3711,미치는,1
3712,직진,1
3713,반사도,1
3714,애기,1
3715,평이,1
3716,가슴속,1
3717,전남,1
3718,영광,1
3719,이왕이면,1
3720,높은게,1
3721,좋겠거니,1
3722,장단점,1
3723,높아서,1
3724,요긴,1
3725,길어,1
3726,극악,1
3727,장수,1
3728,황사,1
3729,제원,1
3730,부끄럽,1
3731,직구,1
3732,완돼네,1
3733,고견,1
3734,휴일,1
3735,뻔하게,1
3736,말썽,1
3737,허브,1
3738,운명,1
3739,최상급,1
3740,비쌌던,1
3741,퇴,1
3742,이럴,1
3743,지름신,1
3744,혹사,1
3745,풍취,1
3746,분한,1
3747,비닝,1
3748,많고,1
3749,여느,1
3750,내공,1
3751,빡,1
3752,전기,1
3753,낭비,1
3754,습작,1
3755,달리기,1
3756,대안,1
3757,아슬아슬,1
3758,부드럽고,1
3759,높겠으나,1
3760,달님,1
3761,오르샤,1
3762,무늬,1
3763,광원,1
3764,적기,1
3765,웹,1
3766,채도,1
3767,높게,1
3768,변하네요,1
3769,지저분하네요,1
3770,배합,1
3771,최소,1
3772,내면,1
3773,쭉,1
3774,착했구요,1
3775,고산,1
3776,무궁화,1
3777,나빠,1
3778,홈,1
3779,튀어,1
3780,쌍안,1
3781,허락,1
3782,절실,1
3783,있는거,1
3784,출력,1
3785,누군가,1
3786,힘들겠네요,1
3787,어쨋,1
3788,고해,1
3789,부적,1
3790,관용,1
3791,강해졌네요,1
3792,애,1
3793,스케일,1
3794,첨가,1
3795,양막,1
3796,파킹,1
3797,볼드모트,1
3798,동트,1
3799,감수,1
3800,적금,1
3801,만기,1
3802,토사,1
3803,구팽,1
3804,침대,1
3805,창문,1
3806,보노,1
3807,고파,1
3808,어끄제,1
3809,동그란,1
3810,하나라,1
3811,감회,1
3812,새롭네요,1
3813,끝물,1
3814,호루스,1
3815,짱짱,1
3816,장안문,1
3817,홍문,1
3818,연못,1
3819,동북,1
3820,포루,1
3821,수원성,1
3822,영해,1
3823,큼지막하게,1
3824,장수로,1
3825,억지로,1
3826,의도,1
3827,없기를,1
3828,똥,1
3829,대도,1
3830,바이,1
3831,군용,1
3832,특화된,1
3833,그런게,1
3834,구한,1
3835,돗트,1
3836,착했습니다,1
3837,있는것이,1
3838,수월하더군요,1
3839,사파리,1
3840,빠르고,1
3841,고정식,1
3842,안폭,1
3843,입체,1
3844,없구요,1
3845,유투브,1
3846,좋다,1
3847,현미경,1
3848,완구,1
3849,어렵,1
3850,낯,1
3851,습득,1
3852,경향,1
3853,어두워,1
3854,출판사,1
3855,디지털,1
3856,신기하,1
3857,굵기가,1
3858,이군,1
3859,전용,1
3860,디다,1
3861,안되는데도,1
3862,나눔,1
3863,철체,1
3864,안양,1
3865,김해,1
3866,코팅,1
3867,수색,1
3868,있는건,1
3869,도서관,1
3870,재밌네요,1
3871,일본인,1
3872,만화,1
3873,오래전,1
3874,새록새록,1
3875,없는데,1
3876,뿌듯한,1
3877,거잭,1
3878,후유증,1
3879,몸살,1
3880,갖은,1
3881,핀잔,1
3882,장애물,1
3883,리리,1
3884,번부,1
3885,좌표계,1
3886,겹치기,1
3887,궤,1
3888,적의,1
3889,있었는데요,1
3890,있었거든요,1
3891,떼,1
3892,차하,1
3893,히파르코스,1
3894,미션,1
3895,태,1
3896,일생,1
3897,이르렀음,1
3898,바탕,1
3899,반지름,1
3900,교하,1
3901,외각,1
3902,켈빈,1
3903,황,1
3904,모하,1
3905,살이,1
3906,각속도,1
3907,헤르츠,1
3908,쉬프룽,1
3909,러셀,1
3910,다이어그램,1
3911,무정형성운,1
3912,퀀텀,1
3913,미친,1
3914,내지,1
3915,끝단,1
3916,합계,1
3917,윗,1
3918,날개,1
3919,시집,1
3920,카페인,1
3921,클립,1
3922,렌,1
3923,이남,1
3924,통화,1
3925,발발,1
3926,요제프,1
3927,루트비히,1
3928,묘비,1
3929,오스트리아,1
3930,첸트랄,1
3931,호프,1
3932,귀국,1
3933,뮌헨,1
3934,도이췌,1
3935,스무,1
3936,유리,1
3937,열팽창,1
3938,무아레,1
3939,좋기로,1
3940,소문,1
3941,에어콘,1
3942,거래,1
3943,곰팡이,1
3944,핀,1
3945,놀랬습니다,1
3946,어떡하지,1
3947,습함,1
3948,아이템,1
3949,취약,1
3950,줏어온,1
3951,사건,1
3952,었답니,1
3953,그러던것이,1
3954,이어진,1
3955,칸,1
3956,기증,1
3957,말로,1
3958,설립,1
3959,척,1
3960,습함은,1
3961,습방,1
3962,랙,1
3963,없을듯,1
3964,지천,1
3965,재밌습니다,1
3966,떡,1
3967,습격,1
3968,합의,1
3969,궁금했는데,1
3970,같다고,1
3971,껌값,1
3972,은별,1
3973,감성,1
3974,보케,1
3975,풀숲,1
3976,쭈,1
3977,구리,1
3978,기어,1
3979,닙니,1
3980,추했습니다,1
3981,진용,1
3982,요지,1
3983,없나요,1
3984,손포컬,1
3985,별반,1
3986,막눈,1
3987,농담,1
3988,그러겠,1
3989,궁금해,1
3990,형님,1
3991,신규,1
3992,있는줄도,1
3993,신하,1
3994,찬,1
3995,분자구름,1
3996,성과,1
3997,진화,1
3998,뜨겁게,1
3999,달구,1
4000,비운,1
4001,잠수,1
4002,알카이드,1
4003,메셍,1
4004,기구,1
4005,색도,1
4006,미흡,1
4007,몸통,1
4008,작다면,1
4009,어둡게,1
4010,센타우루스자리,1
4011,우루스,1
4012,방사선,1
4013,분출,1
4014,폭죽,1
4015,금속성,1
4016,원소,1
4017,측면,1
4018,둥그런,1
4019,마하,1
4020,하이네,1
4021,강풍,1
4022,불규칙은하,1
4023,기조력,1
4024,흐트러졌으,1
4025,있는지를,1
4026,찬드라,1
4027,홀,1
4028,남서,1
4029,직후,1
4030,왜소,1
4031,음수,1
4032,분거,1
4033,좋을줄은,1
4034,온타리오,1
4035,경계,1
4036,펜실베니아,1
4037,뉴욕,1
4038,탈색,1
4039,땐,1
4040,무지막지,1
4041,희구,1
4042,주부,1
4043,폭주,1
4044,설렌,1
4045,없었는데요,1
4046,즐겁,1
4047,설렘이,1
4048,두께,1
4049,개봉,1
4050,모노크롬,1
4051,요가,1
4052,뚱땡이,1
4053,방황,1
4054,인도,1
4055,불만족,1
4056,기지,1
4057,되새,1
4058,고트,1
4059,키르,1
4060,수의,1
4061,소속,1
4062,없지,1
4063,갈기,1
4064,해보렵니,1
4065,적새,1
4066,주종,1
4067,심은하,1
4068,희박,1
4069,분칠,1
4070,같답니다,1
4071,세상,1
4072,조마조마,1
4073,쫄깃,1
4074,유하,1
4075,빠이,1
4076,비상,1
4077,꿍,1
4078,힘들었는데,1
4079,어렵겠,1
4080,덜덜,1
4081,요정,1
4082,도면,1
4083,코멘트,1
4084,친절,1
4085,다정,1
4086,매니저,1
4087,주무,1
4088,실거,1
4089,반가웠습니다,1
4090,뉴턴,1
4091,상도,1
4092,있길래,1
4093,추스려,1
4094,개월,1
4095,반가웠고,1
4096,이신,1
4097,영미권,1
4098,덤벨,1
4099,타원체,1
4100,평면,1
4101,반단축,1
4102,운동학,1
4103,암시,1
4104,끼니,1
4105,다르네요,1
4106,국자,1
4107,밑바닥,1
4108,비스듬,1
4109,원통,1
4110,형체,1
4111,훗날,1
4112,영국,1
4113,대형,1
4114,구멍,1
4115,어둡다,1
4116,말기,1
4117,스미스,1
4118,제독,1
4119,휴진스,1
4120,가스성운,1
4121,표면온도,1
4122,작은데,1
4123,았던,1
4124,좋았,1
4125,박,1
4126,무서워,1
4127,출동,1
4128,안되는지,1
4129,벚꽃,1
4130,잎,1
4131,초록빛,1
4132,상춘,1
4133,어쩌겠습,1
4134,분수,1
4135,싹,1
4136,었으,1
4137,버릇,1
4138,블링크,1
4139,솔직,1
4140,물일,1
4141,후보,1
4142,미명,1
4143,장인,1
4144,폄훼하,1
4145,니니,1
4146,소서,1
4147,사악,1
4148,있기는,1
4149,이동해,1
4150,노란색,1
4151,나먼,1
4152,더해,1
4153,윈도우즈,1
4154,비겁,1
4155,변명,1
4156,점심,1
4157,청주,1
4158,인터체인지,1
4159,세종시,1
4160,금강,1
4161,월산,1
4162,산업,1
4163,안내바,1
4164,펄사,1
4165,베비스,1
4166,출현,1
4167,아랍,1
4168,제국,1
4169,일본,1
4170,출원,1
4171,웃돌,1
4172,감마선,1
4173,웃돈,1
4174,속력,1
4175,밍,1
4176,재밌는,1
4177,리우,1
4178,줄기,1
4179,어둡네요,1
4180,어쩜,1
4181,안좋,1
4182,생명과학,1
4183,통합,1
4184,수업,1
4185,파트,1
4186,급격,1
4187,안계,1
4188,마땅치,1
4189,삼고,1
4190,멀,1
4191,있길,1
4192,명감,1
4193,고군,1
4194,분투,1
4195,목요일,1
4196,꼬임,1
4197,소신,1
4198,반기,1
4199,풍향,1
4200,헛된,1
4201,정합,1
4202,암영대,1
4203,여담,1
4204,육,1
4205,헥스,1
4206,도구로,1
4207,풀,1
4208,힘차게,1
4209,판,1
4210,없겠습니다,1
4211,나가야,1
4212,정비,1
4213,운치,1
4214,전달,1
4215,에드먼드,1
4216,핼리,1
4217,적색거성,1
4218,높습니다,1
4219,높기,1
4220,가집,1
4221,호,1
4222,희생,1
4223,싸움,1
4224,인분,1
4225,초록색,1
4226,직,1
4227,좀생이성단,1
4228,모재기별떼,1
4229,서양,1
4230,일곱,1
4231,자매,1
4232,군대,1
4233,전역,1
4234,맘대로,1
4235,처녀,1
4236,사자,1
4237,샤울라,1
4238,발바닥,1
4239,웁니,1
4240,전쟁,1
4241,돛자리,1
4242,지방,1
4243,도정,1
4244,괜찮다면,1
4245,안되기,1
4246,과감,1
4247,단부,1
4248,연필,1
4249,위안,1
4250,사냥개,1
4251,메쉥,1
4252,조비,1
4253,악화,1
4254,손보,1
4255,투리,1
4256,아쉬운,1
4257,궂어,1
4258,영물,1
4259,색조,1
4260,바야흐로,1
4261,더라구요,1
4262,씨름,1
4263,모니터,1
4264,북반구,1
4265,으뜸,1
4266,흡수,1
4267,왜소은하,1
4268,아닐까,1
4269,진다운,1
4270,지지도,1
4271,으리,1
4272,중부지방,1
4273,낮고,1
4274,안되서,1
4275,제주도,1
4276,케플러,1
4277,공전,1
4278,크롭용,1
4279,풀프,1
4280,괜찮네요,1
4281,진중,1
4282,괜찮았다고,1
4283,썩,1
4284,좋길래,1
4285,파래,1
4286,질때,1
4287,웃기,1
4288,티코,1
4289,브라헤,1
4290,방대,1
4291,코페르니쿠스,1
4292,등화관제,1
4293,호기심,1
4294,가루,1
4295,도당,1
4296,가다가,1
4297,유타주,1
4298,캐년,1
4299,랜드,1
4300,각성,1
4301,힘들지요,1
4302,야말로,1
4303,대방,1
4304,마전,1
4305,바쁜,1
4306,기보,1
4307,귀찮다는,1
4308,주치,1
4309,예측,1
4310,이슈,1
4311,업데이트,1
4312,있다였습니다,1
4313,지원,1
4314,야만,1
4315,해답,1
4316,얻지,1
4317,당장,1
4318,조이,1
4319,덜하,1
4320,선하,1
4321,푼,1
4322,주기,1
4323,오토포커스,1
4324,주일,1
4325,바디,1
4326,독학,1
4327,따스한,1
4328,햇살,1
4329,라거,1
4330,악,1
4331,최악,1
4332,어지간하면,1
4333,접근성,1
4334,안좋아,1
4335,없겠지,1
4336,번쩍,1
4337,블랙박스,1
4338,고성,1
4339,폭소,1
4340,피어,1
4341,로드,1
4342,뷰,1
4343,나침반,1
4344,능선,1
4345,좋았던건,1
4346,산길,1
4347,공도,1
4348,어린시절,1
4349,봄맞이,1
4350,김제,1
4351,용지면,1
4352,용동,1
4353,오랫동안,1
4354,중성,1
4355,멀지,1
4356,카탈로그,1
4357,반해,1
4358,가까워,1
4359,열선,1
4360,확장,1
4361,갈고리,1
4362,세차운동,1
4363,야할지,1
4364,노크,1
4365,기울기,1
4366,유니버스,1
4367,성장,1
4368,사망,1
4369,장박,1
4370,귀퉁이,1
4371,서생,1
4372,삼라만상,1
4373,조화,1
4374,동심,1
4375,오프라인,1
4376,체험,1
4377,어드벤쳐,1
4378,전원,1
4379,편하군요,1
4380,로망,1
4381,광각렌즈,1
4382,표준화,1
4383,각인,1
4384,얼추,1
4385,많았었습니다,1
4386,열흘,1
4387,좋았을,1
4388,벨라트릭스,1
4389,격이,1
4390,멋짐이,1
4391,웅,1
4392,장함,1
4393,적응도,1
4394,모터,1
4395,축시,1
4396,역경,1
4397,태평양,1
4398,늑대,1
4399,사슴,1
4400,엘크,1
4401,극한,1
4402,훌륭,1
4403,더할,1
4404,나위,1
4405,통칭,1
4406,솓,1
4407,판다,1
4408,시대,1
4409,도래,1
4410,맞춤,1
4411,부족함,1
4412,큐리오시티,1
4413,퍼,1
4414,런스,1
4415,착륙,1
4416,걸어드,1
4417,일인,1
4418,없을까,1
4419,맑기에,1
4420,파,1
4421,송송,1
4422,어렵습니다,1
4423,현실,1
4424,형광등,1
4425,부쩍,1
4426,기사도,1
4427,전초,1
4428,함양,1
4429,괜찮으면,1
4430,근교,1
4431,주섬주섬,1
4432,옷가지,1
4433,투성이,1
4434,정처,1
4435,텅빈,1
4436,바퀴,1
4437,삑,1
4438,선의,1
4439,영롱,1
4440,흠모,1
4441,자선,1
4442,대학생,1
4443,입학,1
4444,일반풍,1
4445,매료,1
4446,답답하게,1
4447,팔렛,1
4448,은성,1
4449,푸르,1
4450,딩딩,1
4451,붕어,1
4452,마우스,1
4453,일수,1
4454,해안,1
4455,장기,1
4456,불황,1
4457,피하,1
4458,집앞,1
4459,오리,1
4460,프로키온,1
4461,축복,1
4462,전나무,1
4463,꼭대기,1
4464,윌리암,1
4465,허셸,1
4466,알갱이,1
4467,혼합,1
4468,자유전자,1
4469,재결합,1
4470,회색,1
4471,부풀,1
4472,추산,1
4473,항성진화,1
4474,느린,1
4475,휩쓸어,1
4476,동양,1
4477,메카,1
4478,분포,1
4479,허블우주망원경,1
4480,햇습니,1
4481,정보공,1
4482,기쁘고,1
4483,질감,1
4484,슬그머니,1
4485,선형,1
4486,망울,1
4487,꿩,1
4488,닭,1
4489,차려,1
4490,과언,1
4491,심심,1
4492,고적,1
4493,교류,1
4494,업그레이드,1
4495,좋아했던,1
4496,흑백,1
4497,목적지,1
4498,실망,1
4499,차박족,1
4500,켜,1
4501,대낮,1
4502,깜깜,1
4503,직선,1
4504,반듯하게,1
4505,아쉽습니다,1
4506,중턱,1
4507,그러는지,1
4508,순조,1
4509,시합,1
4510,사이오,1
4511,사절,1
4512,번거로,1
4513,우시,1
4514,시어,1
4515,향후,1
4516,설문,1
4517,온라인,1
4518,군데,1
4519,붉은데,1
4520,천후,1
4521,뇌,1
4522,지겹다,1
4523,깊,1
4524,매송면,1
4525,어천,1
4526,저수지,1
4527,형도,1
4528,소진,1
4529,싫은,1
4530,고영,1
4531,개설,1
4532,범,1
4533,차원,1
4534,본사,1
4535,용성,1
4536,다수,1
4537,검증,1
4538,포터블,1
4539,놀,1
4540,라울,1
4541,단합,1
4542,더군다나,1
4543,펫츠발,1
4544,리듀셔,1
4545,스트레스,1
4546,입증,1
4547,추진,1
4548,노트북,1
4549,상응,1
4550,홈폐,1
4551,다이아,1
4552,널,1
4553,안타,1
4554,깝,1
4555,성품,1
4556,핸들바,1
4557,카드,1
4558,결제,1
4559,현금,1
4560,부가세,1
4561,추세,1
4562,도브테일바,1
4563,티노,1
4564,브,1
4565,심사숙고,1
4566,착한,1
4567,경장,1
4568,설악산,1
4569,금강산,1
4570,다릅니다,1
4571,돕기,1
4572,진임,1
4573,대응,1
4574,점도,1
4575,보라색,1
4576,뭐었일까,1
4577,셨던,1
4578,우체국,1
4579,택배,1
4580,운송,1
4581,카톡,1
4582,많았었던,1
4583,검수,1
4584,있었을,1
4585,심원천체,1
4586,서부,1
4587,두루,1
4588,하부,1
4589,번거,1
4590,단점,1
4591,광로,1
4592,유통,1
4593,수입,1
4594,플렉스,1
4595,신품,1
4596,부수,1
4597,수동식,1
4598,고용,1
4599,베터리,1
4600,뱅크,1
4601,정기,1
4602,오시,1
4603,여의,1
4604,묘령,1
4605,약속,1
4606,정신승리,1
4607,방해,1
4608,서점,1
4609,인천광역시,1
4610,타입,1
4611,올림푸스,1
4612,어린이,1
4613,입장,1
4614,많으신,1
4615,충고,1
4616,일만,1
4617,불량,1
4618,연말,1
4619,연초,1
4620,사과,1
4621,순차,1
4622,변하,1
4623,일괄,1
4624,빠르면,1
4625,궁금하,1
4626,상제,1
4627,북십자성,1
4628,뭉치,1
4629,기술,1
4630,비싼지,1
4631,매듭,1
4632,눈앞,1
4633,같은것이,1
4634,시흥,1
4635,발도장,1
4636,즈음,1
4637,다오,1
4638,성원,1
4639,대다수,1
4640,차신,1
4641,월부,1
4642,감속,1
4643,빨래,1
4644,큰일,1
4645,빨간,1
4646,감격,1
4647,맑음,1
4648,밀,1
4649,아버,1
4650,렸었네,1
4651,화급,1
4652,안되는것,1
4653,맑,1
4654,시민박명,1
4655,확보,1
4656,해상,1
4657,력,1
4658,없으므로,1
4659,데뷰,1
4660,색온도,1
4661,촤즉,1
4662,구체,1
4663,어린왕자,1
4664,원주시,1
4665,정원,1
4666,온도계,1
4667,저온,1
4668,모조리,1
4669,깔깔,1
4670,댕기,1
4671,나들이,1
4672,울면,1
4673,패퇴,1
4674,외진,1
4675,보물,1
4676,호의,1
4677,도오,1
4678,쿄,1
4679,입양,1
4680,손자,1
4681,좀생이,1
4682,좀생이별,1
4683,칠공주,1
4684,작아서,1
4685,마나,1
4686,땡,1
4687,여진,1
4688,뒷모습,1
4689,한숨,1
4690,어지간한,1
4691,맑으면,1
4692,부당,1
4693,배송비,1
4694,다르지,1
4695,인화,1
4696,용지,1
4697,인원,1
4698,확정,1
4699,비슷하다는데서,1
4700,카리브,1
4701,헬맷,1
4702,외뿔,1
4703,소의,1
4704,느리긴,1
4705,애용,1
4706,깊습니다,1
4707,어둡,1
4708,근무,1
4709,취사,1
4710,아닌데,1
4711,낭만,1
4712,컵라면,1
4713,에다가,1
4714,대변,1
4715,타프,1
4716,올바른,1
4717,생일,1
4718,원했는데,1
4719,진작,1
4720,원선,1
4721,사보,1
4722,베란다,1
4723,동향,1
4724,조카,1
4725,원한,1
4726,으하하하하,1
4727,이모저모,1
4728,주모,1
4729,사발,1
4730,성탄절,1
4731,아직까지,1
4732,안되는군요,1
4733,종식,1
4734,편하게,1
4735,국적,1
4736,가성,1
4737,기웃,1
4738,꾸준한,1
4739,좋아했고,1
4740,편해,1
4741,북유럽,1
4742,천둥,1
4743,작기는,1
4744,작네요,1
4745,난하,1
4746,대학시절,1
4747,아련한,1
4748,대학교,1
4749,순례,1
4750,팬,1
4751,슝타,1
4752,진봉,1
4753,군자,1
4754,회덕,1
4755,얌,1
4756,써니,1
4757,서방,1
4758,욥욥,1
4759,파이팅,1
4760,반니,1
4761,김진,1
4762,네챠,1
4763,창백,1
4764,한푸,1
4765,른돕,1
4766,쎄,1
4767,미조,1
4768,반장,1
4769,바이샤,1
4770,브리트니,1
4771,새내기,1
4772,까만,1
4773,월드컵,1
4774,비원,1
4775,캡빵맨,1
4776,소리,1
4777,건민승,1
4778,기별,1
4779,엄마,1
4780,하기스,1
4781,샘,1
4782,유선,1
4783,밭,1
4784,온천,1
4785,싫어,1
4786,커리,1
4787,묘리,1
4788,김군수,1
4789,천수,1
4790,천안,1
4791,후니,1
4792,강영태,1
4793,벼르가이,1
4794,물까치,1
4795,쿠이,1
4796,힘드실테니,1
4797,바르게,1
4798,리신,1
4799,더러,1
4800,계십니다,1
4801,합삭,1
4802,초승,1
4803,폰트,1
4804,남중,1
4805,초등학생,1
4806,교실,1
4807,본회,1
4808,주최,1
4809,후원,1
4810,그리기,1
4811,사이버,1
4812,시연,1
4813,학년,1
4814,학부모,1
4815,지도사,1
4816,멀티미디어,1
4817,개교,1
4818,게재,1
4819,고루,1
4820,분배,1
4821,원칙,1
4822,강사,1
4823,자원봉사,1
4824,재능기부,1
4825,무방,1
4826,사일,1
4827,교직원,1
4828,전면,1
4829,비고,1
4830,금보,1
4831,있으려나,1
4832,야외,1
4833,봉인,1
4834,많은것을,1
4835,우기,1
4836,궁금한게,1
4837,있는지요,1
4838,누가,1
4839,비슷,1
4840,퀄리,1
4841,티나,1
4842,조율,1
4843,수합,1
4844,인쇄소,1
4845,대량,1
4846,소량,1
4847,자물쇠,1
4848,아님을,1
4849,부자연,1
4850,많았습니다,1
4851,바쁘게,1
4852,시로,1
4853,나라,1
4854,니시구,1
4855,일주일,1
4856,주석,1
4857,건깅합시,1
4858,리사,1
4859,이징,1
4860,맑길래,1
4861,반전,1
4862,파랑새,1
4863,단망,1
4864,원합니다,1
4865,이즈,1
4866,웬만한,1
4867,게자리,1
4868,한자리,1
4869,알파,1
4870,알데바란,1
4871,그라데이션,1
4872,퍼렇게,1
4873,좍좍,1
4874,있었었는데,1
4875,힘들군요,1
4876,은퇴,1
4877,귀촌,1
4878,시골,1
4879,해발,1
4880,지대,1
4881,국민학교,1
4882,공백기,1
4883,복귀,1
4884,후반,1
4885,간혹,1
4886,사시,1
4887,조만간,1
4888,넓어,1
4889,연락처,1
4890,첫번쨰,1
4891,그룹,1
4892,폴,1
4893,컬렉션,1
4894,지팡이,1
4895,베,1
4896,나티,1
4897,해석,1
4898,면상,1
4899,성합,1
4900,없나,1
4901,안되겠죠,1
4902,실명,1
4903,선발,1
4904,힘들었습니다,1
4905,같아선,1
4906,그러지,1
4907,시지,1
4908,없으면,1
4909,부턱,1
4910,별뚱,1
4911,홍염,1
4912,재의,1
4913,김윤진,1
4914,환장했,1
4915,서나,1
4916,기합,1
4917,창평,1
4918,삼성동,1
4919,배수지,1
4920,온건,1
4921,동생,1
4922,하필,1
4923,무한,1
4924,지형,1
4925,중주,1
4926,화목,1
4927,이승복,1
4928,생가,1
4929,은한,1
4930,변하였고,1
4931,극도,1
4932,주전,1
4933,자고,1
4934,갯수,1
4935,위함,1
4936,야하기,1
4937,다를,1
4938,도안,1
4939,우편번호,1
4940,솜씨,1
4941,대단하십니다,1
4942,여분,1
4943,관리,1
4944,젊었을,1
4945,멋있는,1
4946,광경,1
4947,엄두,1
4948,아쉽더라구요,1
4949,드물게,1
4950,그믐,1
4951,찬스,1
4952,고가,1
4953,렌탈샵,1
4954,렌탈,1
4955,해갈,1
4956,수원,1
4957,렌트,1
4958,반납,1
4959,무지,1
4960,귀찮네요,1
4961,불안감,1
4962,만성,1
4963,피로,1
4964,스러워졌,1
4965,게다가,1
4966,뜬금,1
4967,왼손,1
4968,레슨,1
4969,궁금한,1
4970,별지기,1
4971,별관,1
4972,난항,1
4973,겸사겸사,1
4974,친,1
4975,탁트인,1
4976,코스모,1
4977,스텍,1
4978,문산,1
4979,주입,1
4980,화악산,1
4981,산불,1
4982,아님,1
4983,크리스탈,1
4984,플레이,1
4985,광양시,1
4986,옥곡면,1
4987,탑,1
4988,바닷가,1
4989,주연,1
4990,조연,1
4991,개기일식,1
4992,하동,1
4993,금오산,1
4994,맞이,1
4995,무궁,1
4996,기인,1
4997,헝,1
4998,어드벤처,1
4999,응모,1
5000,산청군,1
5001,맑고,1
5002,동계,1
5003,귀환,1
5004,안될것,1
5005,수원시,1
5006,칠보산,1
5007,변해가는,1
5008,블루아,1
5009,좋아합니다,1
5010,오산,1
5011,마대,1
5012,돌,1
5013,아가서,1
5014,항해박명,1
5015,확신,1
5016,뿌듯함을,1
5017,보닛,1
5018,나뭇가지,1
5019,따위,1
5020,중순,1
5021,어귀,1
5022,자신감,1
5023,용한,1
5024,산골,1
5025,땅,1
5026,헤딩,1
5027,멍청이,1
5028,소양감,1
5029,댐,1
5030,선착장,1
5031,거문고자리,1
5032,하순,1
5033,충북,1
5034,말티재,1
5035,장정,1
5036,닷지,1
5037,재택근무,1
5038,서핑,1
5039,부랴부랴,1
5040,강릉,1
5041,게으른,1
5042,수수,1
5043,정감,1
5044,조상호,1
5045,평창군,1
5046,용평면,1
5047,어두컴컴한,1
5048,화이트,1
5049,명암,1
5050,세용,1
5051,북서,1
5052,고의,1
5053,널렸습니,1
5054,가로막,1
5055,비유,1
5056,좌,1
5057,서도,1
5058,드문,1
5059,일종,1
5060,기체,1
5061,내기,1
5062,작기,1
5063,암탉,1
5064,아랍어,1
5065,내뿜는,1
5066,성간가스,1
5067,교환,1
5068,유주,1
5069,윤보,1
5070,주임,1
5071,허심,1
5072,탄회,1
5073,서명,1
5074,업무,1
5075,봉사활동,1
5076,지장,1
5077,연한,1
5078,천문관,1
5079,배려,1
5080,템,1
5081,변한,1
5082,있을테니,1
5083,콘,1
5084,빛번짐,1
5085,외뿔소,1
5086,꼬마,1
5087,도무지,1
5088,빌어,1
5089,길잡이,1
5090,황금,1
5091,양피,1
5092,양자리,1
5093,겨냥,1
5094,식수,1
5095,종합,1
5096,포항,1
5097,커트,1
5098,공략,1
5099,폴마,1
5100,나쁜,1
5101,두뇌,1
5102,기껏,1
5103,만해,1
5104,역,1
5105,었는데,1
5106,설렙니다,1
5107,로버,1
5108,튜너,1
5109,큐리오서티,1
5110,가깝게,1
5111,미지,1
5112,테라포밍,1
5113,자유로,1
5114,나래,1
5115,치기,1
5116,구둔역,1
5117,졸업,1
5118,했어욤,1
5119,끌,1
5120,너비,1
5121,성한,1
5122,우르,1
5123,타오,1
5124,아치,1
5125,올챙이,1
5126,거미,1
5127,중력붕괴,1
5128,중단,1
5129,분만,1
5130,선언,1
5131,짤리,1
5132,결심,1
5133,실천,1
5134,한계령,1
5135,굳세어라,1
5136,초과,1
5137,논리회로,1
5138,대단한,1
5139,좋지,1
5140,자아,1
5141,여우,1
5142,털,1
5143,몫,1
5144,좋긴,1
5145,쿠팡,1
5146,돌출,1
5147,시력,1
5148,대서,1
5149,낚싯배,1
5150,똑,1
5151,같은디,1
5152,좁으,1
5153,통째,1
5154,말라,1
5155,대면,1
5156,초롱초롱,1
5157,그렇다구요,1
5158,펑펑,1
5159,어울,1
5160,오랫,1
5161,넘치는,1
5162,엘프,1
5163,고품,1
5164,멋있겠,1
5165,좋을텐데,1
5166,하버드대,1
5167,쌍성,1
5168,그러나요,1
5169,오늘밤,1
5170,주축,1
5171,정중,1
5172,동북쪽,1
5173,먹거리,1
5174,대관령,1
5175,반대기,1
5176,영월,1
5177,섶다리,1
5178,흡입,1
5179,귀가,1
5180,불가사의,1
5181,고래자리,1
5182,드입니,1
5183,롭지,1
5184,오붓하게,1
5185,아차,1
5186,간접,1
5187,계셔서,1
5188,해소,1
5189,산란,1
5190,높을,1
5191,뚜렷해져,1
5192,낮으면,1
5193,돋보기,1
5194,목하,1
5195,반면,1
5196,세밀,1
5197,편의,1
5198,용이,1
5199,우수,1
5200,가대인,1
5201,상하좌우,1
5202,추척,1
5203,포크,1
5204,도축,1
5205,있긴,1
5206,있으니만,1
5207,우,1
5208,휴대폰,1
5209,좁게,1
5210,프뢰슬,1
5211,직합,1
5212,미미,1
5213,인지상정,1
5214,닌,1
5215,자의,1
5216,내셔널,1
5217,지오,1
5218,그래픽,1
5219,방위각,1
5220,도등,1
5221,식등,1
5222,복잡합니다,1
5223,이런거,1
5224,자꾸만,1
5225,플로,1
5226,윗쪽,1
5227,말경,1
5228,각별,1
5229,출몰,1
5230,리라,1
5231,안된,1
5232,밴쿠버,1
5233,살구,1
5234,조그만,1
5235,테,1
5236,알프스산맥,1
5237,아페닌,1
5238,라이,1
5239,남방,1
5240,북방,1
5241,김민재,1
5242,칼럼니스트,1
5243,문적,1
5244,뛰어난,1
5245,궁전,1
5246,볼일,1
5247,남양주,1
5248,수목원,1
5249,망갱,1
5250,아해,1
5251,빨,1
5252,물체,1
5253,초도,1
5254,그떄,1
5255,비슷했습니다,1
5256,소원,1
5257,편안,1
5258,한가위,1
5259,침수,1
5260,당한,1
5261,철원,1
5262,힘들었죠,1
5263,복구,1
5264,괴력,1
5265,발휘,1
5266,무사,1
5267,기린,1
5268,있었음,1
5269,평안,1
5270,명절,1
5271,씁슬,1
5272,무기한,1
5273,변함이,1
5274,계실,1
5275,규칙,1
5276,미,1
5277,불미,1
5278,네마,1
5279,안전,1
5280,최우,1
5281,마네,1
5282,훈계,1
5283,질타,1
5284,기자,1
5285,붉히는,1
5286,없으셨으면,1
5287,잠정,1
5288,차박,1
5289,휴직,1
5290,두꺼운,1
5291,암흑물질,1
5292,머리모양,1
5293,기네,1
5294,최선,1
5295,이다해,1
5296,궁금해졌습니다,1
5297,남쪽물고기자리,1
5298,파란만장,1
5299,사투,1
5300,짧,1
5301,있었구요,1
5302,갈증,1
5303,소하,1
5304,궁합,1
5305,그림,1
5306,송이,1
5307,군데군데,1
5308,티끌,1
5309,우아한,1
5310,열정,1
5311,옵션,1
5312,원대,1
5313,울산,1
5314,광역시,1
5315,경주,1
5316,밀양,1
5317,영천,1
5318,넥스,1
5319,별고,1
5320,숭,1
5321,키라,1
5322,넉,1
5323,캠퍼,1
5324,높아,1
5325,고스,1
5326,정화,1
5327,기다림,1
5328,레아,1
5329,초년,1
5330,박자,1
5331,셧을듯,1
5332,물병자리,1
5333,온전,1
5334,대적점,1
5335,대전,1
5336,직딩입니,1
5337,완주군,1
5338,구이,1
5339,우울,1
5340,급작,1
5341,도달,1
5342,답니,1
5343,이주,1
5344,있겠네요,1
5345,아픔,1
5346,생존,1
5347,신고,1
5348,적적,1
5349,맑아져,1
5350,일상,1
5351,슬픈,1
5352,염소자리,1
5353,귀로,1
5354,염,1
5355,박현명,1
5356,기입,1
5357,어렵게,1
5358,업로드,1
5359,파일,1
